example_idx,age_category,age,crime_level,num_of_crimes,stay_in_prison,gender,race,true_label,ans_1,ans_2,ans_3,ans_4,ans_5,ans_6,ans_7,ans_8,ans_9,ans_10,ans_11,worker_id_1,worker_id_2,worker_id_3,worker_id_4,worker_id_5,worker_id_6,worker_id_7,worker_id_8,worker_id_9,worker_id_10,worker_id_11
0,Less than 25,23,Felony (Serious),8,> 3 months,Male,Non-caucasian,1,4,3,4,4,4,4,4,4,3,4,4,worker_32,worker_60,worker_114,worker_104,worker_17,worker_48,worker_31,worker_74,worker_133,worker_14,worker_75
1,Greater than 45,52,Misdemeanor (Light),0,< week,Male,Non-caucasian,1,2,2,1,2,1,2,3,2,1,3,1,worker_91,worker_19,worker_113,worker_109,worker_106,worker_115,worker_25,worker_126,worker_44,worker_132,worker_45
2,25 to 45,31,Felony (Serious),3,< week,Male,Non-caucasian,1,2,3,3,2,4,2,4,2,3,3,1,worker_46,worker_44,worker_61,worker_62,worker_112,worker_40,worker_51,worker_92,worker_101,worker_7,worker_133
3,25 to 45,29,Felony (Serious),7,< week,Male,Non-caucasian,1,3,3,3,4,4,4,3,3,2,3,3,worker_111,worker_133,worker_83,worker_50,worker_139,worker_96,worker_41,worker_20,worker_55,worker_8,worker_44
4,25 to 45,27,Felony (Serious),5,< 3 months,Male,Non-caucasian,1,3,4,3,4,4,3,3,3,3,3,3,worker_102,worker_135,worker_47,worker_103,worker_57,worker_53,worker_42,worker_133,worker_24,worker_30,worker_124
5,25 to 45,34,Felony (Serious),10,< 3 months,Female,Caucasian,1,3,3,2,4,3,4,4,4,4,2,4,worker_102,worker_135,worker_47,worker_103,worker_57,worker_53,worker_42,worker_133,worker_24,worker_30,worker_124
6,25 to 45,32,Misdemeanor (Light),0,< week,Female,Non-caucasian,1,2,1,1,3,1,3,3,1,1,2,1,worker_91,worker_19,worker_113,worker_109,worker_106,worker_115,worker_25,worker_126,worker_44,worker_132,worker_45
7,25 to 45,25,Felony (Serious),5,< week,Male,Non-caucasian,1,3,3,2,3,4,4,2,3,2,2,3,worker_102,worker_135,worker_47,worker_103,worker_57,worker_53,worker_42,worker_133,worker_24,worker_30,worker_124
8,Less than 25,21,Felony (Serious),2,< week,Male,Non-caucasian,1,2,2,3,2,3,3,2,2,2,2,2,worker_102,worker_135,worker_47,worker_103,worker_57,worker_53,worker_42,worker_133,worker_24,worker_30,worker_124
9,25 to 45,28,Felony (Serious),11,< week,Male,Non-caucasian,1,4,2,4,4,3,3,4,3,2,4,3,worker_128,worker_73,worker_137,worker_16,worker_133,worker_5,worker_105,worker_88,worker_116,worker_39,worker_129
10,Less than 25,23,Misdemeanor (Light),4,< week,Male,Caucasian,1,3,1,1,4,3,4,3,4,4,3,2,worker_44,worker_118,worker_133,worker_64,worker_3,worker_76,worker_54,worker_134,worker_36,worker_66,worker_108
11,Greater than 45,50,Misdemeanor (Light),0,< week,Female,Caucasian,1,1,1,1,1,2,1,3,2,2,2,1,worker_100,worker_87,worker_120,worker_37,worker_60,worker_21,worker_140,worker_85,worker_44,worker_69,worker_65
12,25 to 45,27,Felony (Serious),4,< week,Male,Non-caucasian,1,3,3,2,4,3,4,4,4,4,4,2,worker_44,worker_118,worker_133,worker_64,worker_3,worker_76,worker_54,worker_134,worker_36,worker_66,worker_108
13,25 to 45,29,Felony (Serious),0,< week,Male,Caucasian,1,2,3,2,1,2,1,2,1,2,1,2,worker_63,worker_77,worker_81,worker_89,worker_121,worker_133,worker_117,worker_44,worker_43,worker_110,worker_18
14,25 to 45,27,Felony (Serious),14,< week,Male,Non-caucasian,1,3,4,2,4,4,4,2,4,4,4,4,worker_102,worker_135,worker_47,worker_103,worker_57,worker_53,worker_42,worker_133,worker_24,worker_30,worker_124
15,25 to 45,28,Felony (Serious),5,< week,Male,Non-caucasian,1,3,3,3,2,4,3,3,4,3,3,4,worker_91,worker_19,worker_113,worker_109,worker_106,worker_115,worker_25,worker_126,worker_44,worker_132,worker_45
16,Less than 25,24,Felony (Serious),15,< week,Male,Non-caucasian,1,4,4,2,4,4,4,3,2,3,4,4,worker_111,worker_133,worker_83,worker_50,worker_139,worker_96,worker_41,worker_20,worker_55,worker_8,worker_44
17,25 to 45,30,Felony (Serious),15,< week,Female,Non-caucasian,1,4,4,3,4,4,4,4,4,4,4,4,worker_44,worker_23,worker_2,worker_80,worker_79,worker_94,worker_6,worker_127,worker_98,worker_9,worker_67
18,25 to 45,43,Felony (Serious),0,< week,Male,Caucasian,1,3,3,1,2,2,1,2,1,1,1,3,worker_99,worker_52,worker_1,worker_49,worker_86,worker_68,worker_141,worker_107,worker_56,worker_133,worker_44
19,Less than 25,24,Felony (Serious),0,< week,Male,Caucasian,1,3,1,3,2,2,1,2,3,3,2,2,worker_111,worker_133,worker_83,worker_50,worker_139,worker_96,worker_41,worker_20,worker_55,worker_8,worker_44
20,Less than 25,23,Felony (Serious),1,< 3 months,Male,Non-caucasian,1,2,2,3,2,3,2,1,1,1,2,2,worker_102,worker_135,worker_47,worker_103,worker_57,worker_53,worker_42,worker_133,worker_24,worker_30,worker_124
21,Greater than 45,54,Misdemeanor (Light),12,> 3 months,Male,Non-caucasian,1,4,4,3,4,2,4,4,4,4,4,2,worker_44,worker_118,worker_133,worker_64,worker_3,worker_76,worker_54,worker_134,worker_36,worker_66,worker_108
22,25 to 45,27,Felony (Serious),2,< week,Female,Non-caucasian,1,2,2,3,2,2,2,2,1,1,2,2,worker_102,worker_135,worker_47,worker_103,worker_57,worker_53,worker_42,worker_133,worker_24,worker_30,worker_124
23,25 to 45,34,Felony (Serious),13,< week,Male,Non-caucasian,1,4,4,4,4,4,4,3,3,3,4,4,worker_100,worker_87,worker_120,worker_37,worker_60,worker_21,worker_140,worker_85,worker_44,worker_69,worker_65
24,25 to 45,37,Misdemeanor (Light),5,< week,Male,Non-caucasian,1,2,2,2,4,4,1,2,3,4,2,3,worker_63,worker_77,worker_81,worker_89,worker_121,worker_133,worker_117,worker_44,worker_43,worker_110,worker_18
25,25 to 45,41,Felony (Serious),2,< 3 months,Female,Non-caucasian,1,4,2,4,2,4,4,4,4,1,1,3,worker_33,worker_93,worker_11,worker_22,worker_28,worker_90,worker_44,worker_95,worker_34,worker_133,worker_38
26,Less than 25,23,Misdemeanor (Light),0,< week,Female,Non-caucasian,1,1,1,1,1,1,2,1,1,4,2,2,worker_44,worker_105,worker_4,worker_80,worker_82,worker_119,worker_133,worker_15,worker_12,worker_70,worker_58
27,25 to 45,44,Felony (Serious),0,< week,Female,Caucasian,1,3,2,1,1,1,1,1,2,2,2,1,worker_46,worker_44,worker_61,worker_62,worker_112,worker_40,worker_51,worker_92,worker_101,worker_7,worker_133
28,Less than 25,20,Misdemeanor (Light),0,< week,Male,Caucasian,1,1,1,1,1,1,1,3,1,1,1,2,worker_27,worker_10,worker_130,worker_78,worker_26,worker_133,worker_71,worker_131,worker_122,worker_72,worker_13
29,25 to 45,28,Felony (Serious),1,< 3 months,Male,Caucasian,1,2,2,3,1,2,2,2,2,2,2,1,worker_46,worker_44,worker_61,worker_62,worker_112,worker_40,worker_51,worker_92,worker_101,worker_7,worker_133
30,25 to 45,29,Felony (Serious),9,< week,Male,Non-caucasian,1,4,4,3,3,4,3,4,4,1,4,4,worker_44,worker_23,worker_2,worker_80,worker_79,worker_94,worker_6,worker_127,worker_98,worker_9,worker_67
31,Less than 25,21,Felony (Serious),0,< week,Male,Non-caucasian,1,4,2,4,3,3,1,2,2,2,1,3,worker_33,worker_93,worker_11,worker_22,worker_28,worker_90,worker_44,worker_95,worker_34,worker_133,worker_38
32,Less than 25,24,Felony (Serious),2,< 3 months,Female,Non-caucasian,1,4,3,4,2,3,4,3,4,3,1,2,worker_33,worker_93,worker_11,worker_22,worker_28,worker_90,worker_44,worker_95,worker_34,worker_133,worker_38
33,Less than 25,23,Felony (Serious),3,< week,Male,Non-caucasian,1,1,3,4,4,3,2,3,3,3,3,3,worker_133,worker_29,worker_9,worker_35,worker_136,worker_123,worker_59,worker_84,worker_125,worker_97,worker_138
34,25 to 45,31,Misdemeanor (Light),6,< 3 months,Male,Non-caucasian,1,3,4,3,4,3,2,3,3,2,2,4,worker_133,worker_29,worker_9,worker_35,worker_136,worker_123,worker_59,worker_84,worker_125,worker_97,worker_138
35,Less than 25,22,Felony (Serious),0,< week,Male,Non-caucasian,1,2,3,4,1,2,1,2,2,2,2,3,worker_63,worker_77,worker_81,worker_89,worker_121,worker_133,worker_117,worker_44,worker_43,worker_110,worker_18
36,25 to 45,35,Felony (Serious),7,< week,Female,Non-caucasian,1,4,4,4,3,4,4,2,2,3,4,4,worker_100,worker_87,worker_120,worker_37,worker_60,worker_21,worker_140,worker_85,worker_44,worker_69,worker_65
37,25 to 45,26,Misdemeanor (Light),9,< week,Male,Non-caucasian,1,3,4,3,4,3,4,4,4,4,4,3,worker_44,worker_118,worker_133,worker_64,worker_3,worker_76,worker_54,worker_134,worker_36,worker_66,worker_108
38,Greater than 45,48,Misdemeanor (Light),7,< week,Male,Non-caucasian,1,3,1,3,4,4,4,3,4,4,3,2,worker_27,worker_10,worker_130,worker_78,worker_26,worker_133,worker_71,worker_131,worker_122,worker_72,worker_13
39,25 to 45,25,Felony (Serious),6,< week,Male,Non-caucasian,1,4,3,4,3,2,2,4,3,2,3,2,worker_128,worker_73,worker_137,worker_16,worker_133,worker_5,worker_105,worker_88,worker_116,worker_39,worker_129
40,25 to 45,34,Misdemeanor (Light),0,< 3 months,Male,Caucasian,1,2,3,2,1,1,1,1,2,2,1,2,worker_63,worker_77,worker_81,worker_89,worker_121,worker_133,worker_117,worker_44,worker_43,worker_110,worker_18
41,Less than 25,23,Felony (Serious),0,< week,Male,Caucasian,1,2,1,2,2,2,2,3,2,2,3,2,worker_100,worker_87,worker_120,worker_37,worker_60,worker_21,worker_140,worker_85,worker_44,worker_69,worker_65
42,25 to 45,25,Felony (Serious),5,< 3 months,Male,Caucasian,1,4,1,3,4,4,3,3,4,3,4,3,worker_27,worker_10,worker_130,worker_78,worker_26,worker_133,worker_71,worker_131,worker_122,worker_72,worker_13
43,25 to 45,27,Felony (Serious),2,< week,Female,Caucasian,1,4,2,1,2,3,3,3,3,1,3,3,worker_32,worker_60,worker_114,worker_104,worker_17,worker_48,worker_31,worker_74,worker_133,worker_14,worker_75
44,25 to 45,41,Felony (Serious),4,< week,Male,Caucasian,1,3,2,4,3,4,1,3,4,4,2,3,worker_63,worker_77,worker_81,worker_89,worker_121,worker_133,worker_117,worker_44,worker_43,worker_110,worker_18
45,25 to 45,44,Felony (Serious),3,< 3 months,Female,Caucasian,1,3,2,4,3,2,2,1,2,2,2,2,worker_44,worker_105,worker_4,worker_80,worker_82,worker_119,worker_133,worker_15,worker_12,worker_70,worker_58
46,Greater than 45,46,Felony (Serious),0,< week,Male,Caucasian,1,1,2,2,1,3,2,3,1,2,3,3,worker_133,worker_29,worker_9,worker_35,worker_136,worker_123,worker_59,worker_84,worker_125,worker_97,worker_138
47,25 to 45,28,Felony (Serious),5,> 3 months,Male,Non-caucasian,1,4,3,3,3,2,3,2,3,2,3,3,worker_128,worker_73,worker_137,worker_16,worker_133,worker_5,worker_105,worker_88,worker_116,worker_39,worker_129
48,Greater than 45,66,Felony (Serious),5,< week,Male,Non-caucasian,1,4,3,4,4,3,3,3,3,2,4,4,worker_32,worker_60,worker_114,worker_104,worker_17,worker_48,worker_31,worker_74,worker_133,worker_14,worker_75
49,25 to 45,25,Felony (Serious),3,< week,Male,Non-caucasian,1,3,3,4,2,3,2,1,2,4,4,2,worker_44,worker_105,worker_4,worker_80,worker_82,worker_119,worker_133,worker_15,worker_12,worker_70,worker_58
50,25 to 45,25,Misdemeanor (Light),2,< week,Male,Non-caucasian,1,3,3,2,2,4,2,2,3,2,3,2,worker_100,worker_87,worker_120,worker_37,worker_60,worker_21,worker_140,worker_85,worker_44,worker_69,worker_65
51,Less than 25,22,Felony (Serious),2,< week,Male,Non-caucasian,1,2,2,3,2,2,3,4,2,3,2,1,worker_46,worker_44,worker_61,worker_62,worker_112,worker_40,worker_51,worker_92,worker_101,worker_7,worker_133
52,25 to 45,25,Felony (Serious),7,< week,Male,Non-caucasian,1,3,4,4,3,4,3,3,3,4,4,3,worker_44,worker_105,worker_4,worker_80,worker_82,worker_119,worker_133,worker_15,worker_12,worker_70,worker_58
53,Less than 25,20,Misdemeanor (Light),0,< week,Female,Caucasian,1,1,1,1,1,1,1,4,1,1,1,3,worker_27,worker_10,worker_130,worker_78,worker_26,worker_133,worker_71,worker_131,worker_122,worker_72,worker_13
54,25 to 45,25,Felony (Serious),5,< week,Male,Non-caucasian,1,3,1,2,4,3,4,4,4,4,4,3,worker_44,worker_118,worker_133,worker_64,worker_3,worker_76,worker_54,worker_134,worker_36,worker_66,worker_108
55,25 to 45,31,Misdemeanor (Light),2,< 3 months,Male,Caucasian,1,3,2,2,2,1,2,2,1,2,2,1,worker_102,worker_135,worker_47,worker_103,worker_57,worker_53,worker_42,worker_133,worker_24,worker_30,worker_124
56,25 to 45,34,Felony (Serious),2,< week,Male,Non-caucasian,1,2,3,2,2,3,3,3,3,3,3,3,worker_91,worker_19,worker_113,worker_109,worker_106,worker_115,worker_25,worker_126,worker_44,worker_132,worker_45
57,25 to 45,31,Misdemeanor (Light),11,< week,Male,Non-caucasian,1,3,1,4,4,4,4,2,4,4,4,2,worker_27,worker_10,worker_130,worker_78,worker_26,worker_133,worker_71,worker_131,worker_122,worker_72,worker_13
58,25 to 45,27,Felony (Serious),10,< 3 months,Female,Non-caucasian,1,4,4,4,4,4,4,1,2,3,4,4,worker_100,worker_87,worker_120,worker_37,worker_60,worker_21,worker_140,worker_85,worker_44,worker_69,worker_65
59,Less than 25,24,Felony (Serious),0,< week,Male,Non-caucasian,1,2,1,3,1,1,2,1,1,4,4,2,worker_44,worker_105,worker_4,worker_80,worker_82,worker_119,worker_133,worker_15,worker_12,worker_70,worker_58
60,25 to 45,28,Felony (Serious),5,< week,Male,Non-caucasian,1,3,3,3,3,3,3,3,4,3,4,4,worker_91,worker_19,worker_113,worker_109,worker_106,worker_115,worker_25,worker_126,worker_44,worker_132,worker_45
61,Less than 25,24,Felony (Serious),2,< week,Male,Non-caucasian,1,1,3,4,2,3,2,3,2,2,3,2,worker_133,worker_29,worker_9,worker_35,worker_136,worker_123,worker_59,worker_84,worker_125,worker_97,worker_138
62,25 to 45,33,Misdemeanor (Light),0,< 3 months,Male,Caucasian,1,1,2,1,1,2,1,2,3,2,2,1,worker_100,worker_87,worker_120,worker_37,worker_60,worker_21,worker_140,worker_85,worker_44,worker_69,worker_65
63,25 to 45,44,Felony (Serious),0,< 3 months,Male,Caucasian,1,2,3,1,1,2,1,2,1,1,1,3,worker_99,worker_52,worker_1,worker_49,worker_86,worker_68,worker_141,worker_107,worker_56,worker_133,worker_44
64,25 to 45,41,Felony (Serious),12,< week,Male,Non-caucasian,1,2,4,3,4,4,4,4,4,4,4,4,worker_102,worker_135,worker_47,worker_103,worker_57,worker_53,worker_42,worker_133,worker_24,worker_30,worker_124
65,25 to 45,29,Felony (Serious),8,< week,Male,Non-caucasian,1,3,4,4,3,3,3,3,3,4,4,2,worker_44,worker_105,worker_4,worker_80,worker_82,worker_119,worker_133,worker_15,worker_12,worker_70,worker_58
66,Less than 25,23,Felony (Serious),5,< week,Male,Non-caucasian,1,3,4,4,3,3,4,4,4,4,4,4,worker_44,worker_23,worker_2,worker_80,worker_79,worker_94,worker_6,worker_127,worker_98,worker_9,worker_67
67,Greater than 45,49,Felony (Serious),25,< 3 months,Female,Non-caucasian,1,4,3,2,4,4,2,4,4,4,4,4,worker_63,worker_77,worker_81,worker_89,worker_121,worker_133,worker_117,worker_44,worker_43,worker_110,worker_18
68,25 to 45,31,Felony (Serious),9,< week,Male,Non-caucasian,1,2,3,3,4,4,4,4,4,3,2,4,worker_102,worker_135,worker_47,worker_103,worker_57,worker_53,worker_42,worker_133,worker_24,worker_30,worker_124
69,Less than 25,22,Misdemeanor (Light),0,< week,Male,Non-caucasian,1,1,4,3,2,1,1,1,1,1,1,1,worker_32,worker_60,worker_114,worker_104,worker_17,worker_48,worker_31,worker_74,worker_133,worker_14,worker_75
70,Less than 25,20,Felony (Serious),0,< 3 months,Female,Caucasian,1,2,3,1,2,1,3,1,3,2,2,3,worker_128,worker_73,worker_137,worker_16,worker_133,worker_5,worker_105,worker_88,worker_116,worker_39,worker_129
71,25 to 45,29,Felony (Serious),9,< week,Male,Non-caucasian,1,4,3,4,4,4,4,4,4,4,3,3,worker_99,worker_52,worker_1,worker_49,worker_86,worker_68,worker_141,worker_107,worker_56,worker_133,worker_44
72,25 to 45,39,Misdemeanor (Light),2,< week,Male,Non-caucasian,1,3,2,3,3,4,2,2,4,1,1,2,worker_33,worker_93,worker_11,worker_22,worker_28,worker_90,worker_44,worker_95,worker_34,worker_133,worker_38
73,25 to 45,27,Felony (Serious),3,< week,Male,Non-caucasian,1,3,3,4,3,4,3,4,2,4,2,1,worker_46,worker_44,worker_61,worker_62,worker_112,worker_40,worker_51,worker_92,worker_101,worker_7,worker_133
74,Less than 25,21,Felony (Serious),0,< week,Male,Caucasian,1,2,1,2,1,2,2,1,1,4,4,2,worker_44,worker_105,worker_4,worker_80,worker_82,worker_119,worker_133,worker_15,worker_12,worker_70,worker_58
75,25 to 45,30,Felony (Serious),10,< week,Male,Non-caucasian,1,3,4,2,4,4,4,4,4,4,4,4,worker_102,worker_135,worker_47,worker_103,worker_57,worker_53,worker_42,worker_133,worker_24,worker_30,worker_124
76,Greater than 45,54,Felony (Serious),3,> 3 months,Male,Caucasian,1,2,3,3,3,3,4,3,3,3,4,4,worker_91,worker_19,worker_113,worker_109,worker_106,worker_115,worker_25,worker_126,worker_44,worker_132,worker_45
77,25 to 45,29,Felony (Serious),2,< week,Male,Non-caucasian,1,4,1,4,3,4,3,2,2,2,3,2,worker_111,worker_133,worker_83,worker_50,worker_139,worker_96,worker_41,worker_20,worker_55,worker_8,worker_44
78,25 to 45,27,Felony (Serious),2,< week,Male,Non-caucasian,1,2,2,4,2,2,2,1,1,4,3,2,worker_44,worker_105,worker_4,worker_80,worker_82,worker_119,worker_133,worker_15,worker_12,worker_70,worker_58
79,25 to 45,27,Felony (Serious),6,< week,Male,Non-caucasian,1,4,3,4,3,4,1,3,3,4,3,4,worker_63,worker_77,worker_81,worker_89,worker_121,worker_133,worker_117,worker_44,worker_43,worker_110,worker_18
80,25 to 45,36,Felony (Serious),0,< 3 months,Male,Caucasian,1,2,2,2,2,2,2,1,2,3,3,1,worker_100,worker_87,worker_120,worker_37,worker_60,worker_21,worker_140,worker_85,worker_44,worker_69,worker_65
81,25 to 45,30,Misdemeanor (Light),3,< week,Male,Non-caucasian,1,3,2,2,2,3,3,4,2,4,2,2,worker_99,worker_52,worker_1,worker_49,worker_86,worker_68,worker_141,worker_107,worker_56,worker_133,worker_44
82,Less than 25,23,Felony (Serious),1,< week,Male,Non-caucasian,1,3,1,1,4,3,1,1,3,2,2,3,worker_27,worker_10,worker_130,worker_78,worker_26,worker_133,worker_71,worker_131,worker_122,worker_72,worker_13
83,Less than 25,20,Felony (Serious),0,< week,Male,Non-caucasian,1,4,1,3,3,1,2,2,2,2,3,2,worker_111,worker_133,worker_83,worker_50,worker_139,worker_96,worker_41,worker_20,worker_55,worker_8,worker_44
84,Greater than 45,50,Felony (Serious),7,< week,Male,Non-caucasian,1,3,2,4,4,4,3,3,3,3,4,3,worker_27,worker_10,worker_130,worker_78,worker_26,worker_133,worker_71,worker_131,worker_122,worker_72,worker_13
85,25 to 45,43,Felony (Serious),3,< week,Male,Non-caucasian,1,1,2,4,3,2,2,3,4,2,2,2,worker_133,worker_29,worker_9,worker_35,worker_136,worker_123,worker_59,worker_84,worker_125,worker_97,worker_138
86,Less than 25,24,Misdemeanor (Light),1,< week,Female,Non-caucasian,1,2,1,1,1,4,2,3,2,2,3,1,worker_100,worker_87,worker_120,worker_37,worker_60,worker_21,worker_140,worker_85,worker_44,worker_69,worker_65
87,25 to 45,41,Felony (Serious),13,< week,Male,Non-caucasian,1,4,2,4,4,4,3,4,2,3,4,2,worker_128,worker_73,worker_137,worker_16,worker_133,worker_5,worker_105,worker_88,worker_116,worker_39,worker_129
88,Less than 25,20,Felony (Serious),0,< week,Male,Non-caucasian,1,2,3,1,1,1,3,1,3,2,2,2,worker_128,worker_73,worker_137,worker_16,worker_133,worker_5,worker_105,worker_88,worker_116,worker_39,worker_129
89,25 to 45,29,Misdemeanor (Light),3,< 3 months,Male,Non-caucasian,1,3,2,2,2,3,3,3,2,4,1,2,worker_99,worker_52,worker_1,worker_49,worker_86,worker_68,worker_141,worker_107,worker_56,worker_133,worker_44
90,25 to 45,31,Misdemeanor (Light),9,< 3 months,Male,Non-caucasian,1,3,3,2,2,4,3,3,3,3,3,4,worker_91,worker_19,worker_113,worker_109,worker_106,worker_115,worker_25,worker_126,worker_44,worker_132,worker_45
91,25 to 45,28,Felony (Serious),1,< week,Male,Non-caucasian,1,1,1,2,4,3,1,3,3,2,2,2,worker_27,worker_10,worker_130,worker_78,worker_26,worker_133,worker_71,worker_131,worker_122,worker_72,worker_13
92,25 to 45,25,Misdemeanor (Light),0,< week,Female,Non-caucasian,1,2,4,1,1,2,1,2,1,1,1,2,worker_99,worker_52,worker_1,worker_49,worker_86,worker_68,worker_141,worker_107,worker_56,worker_133,worker_44
93,Less than 25,23,Felony (Serious),3,< week,Male,Non-caucasian,1,3,4,2,2,3,3,4,2,4,1,3,worker_99,worker_52,worker_1,worker_49,worker_86,worker_68,worker_141,worker_107,worker_56,worker_133,worker_44
94,25 to 45,35,Misdemeanor (Light),0,< week,Male,Caucasian,1,1,2,1,2,2,1,1,1,1,1,1,worker_32,worker_60,worker_114,worker_104,worker_17,worker_48,worker_31,worker_74,worker_133,worker_14,worker_75
95,Less than 25,23,Misdemeanor (Light),0,< week,Male,Non-caucasian,1,1,4,2,2,1,1,1,2,1,1,1,worker_32,worker_60,worker_114,worker_104,worker_17,worker_48,worker_31,worker_74,worker_133,worker_14,worker_75
96,Less than 25,22,Misdemeanor (Light),0,< week,Male,Caucasian,1,2,1,1,1,3,1,1,1,1,1,2,worker_44,worker_118,worker_133,worker_64,worker_3,worker_76,worker_54,worker_134,worker_36,worker_66,worker_108
97,25 to 45,27,Misdemeanor (Light),7,< 3 months,Male,Non-caucasian,1,3,4,4,4,3,3,2,3,3,2,4,worker_133,worker_29,worker_9,worker_35,worker_136,worker_123,worker_59,worker_84,worker_125,worker_97,worker_138
98,Less than 25,24,Felony (Serious),1,< week,Female,Non-caucasian,1,3,3,1,3,2,1,2,4,2,2,1,worker_32,worker_60,worker_114,worker_104,worker_17,worker_48,worker_31,worker_74,worker_133,worker_14,worker_75
99,25 to 45,27,Felony (Serious),10,< week,Male,Non-caucasian,1,4,4,3,4,2,4,4,4,4,4,2,worker_33,worker_93,worker_11,worker_22,worker_28,worker_90,worker_44,worker_95,worker_34,worker_133,worker_38
100,25 to 45,26,Misdemeanor (Light),3,< week,Male,Non-caucasian,1,2,2,2,3,2,3,3,3,2,3,3,worker_91,worker_19,worker_113,worker_109,worker_106,worker_115,worker_25,worker_126,worker_44,worker_132,worker_45
101,25 to 45,29,Felony (Serious),3,< week,Male,Caucasian,1,3,3,2,2,3,3,4,3,4,4,4,worker_44,worker_23,worker_2,worker_80,worker_79,worker_94,worker_6,worker_127,worker_98,worker_9,worker_67
102,25 to 45,42,Felony (Serious),17,> 3 months,Female,Non-caucasian,1,4,4,4,4,4,3,4,3,2,2,2,worker_44,worker_105,worker_4,worker_80,worker_82,worker_119,worker_133,worker_15,worker_12,worker_70,worker_58
103,Greater than 45,45,Felony (Serious),38,> 3 months,Male,Non-caucasian,1,4,4,3,4,4,4,4,4,4,4,4,worker_44,worker_23,worker_2,worker_80,worker_79,worker_94,worker_6,worker_127,worker_98,worker_9,worker_67
104,25 to 45,26,Felony (Serious),2,< 3 months,Male,Caucasian,1,3,3,3,2,4,2,4,2,2,2,1,worker_46,worker_44,worker_61,worker_62,worker_112,worker_40,worker_51,worker_92,worker_101,worker_7,worker_133
105,25 to 45,27,Misdemeanor (Light),2,< week,Male,Caucasian,1,2,1,2,3,2,1,3,2,2,2,2,worker_27,worker_10,worker_130,worker_78,worker_26,worker_133,worker_71,worker_131,worker_122,worker_72,worker_13
106,Greater than 45,48,Misdemeanor (Light),11,< 3 months,Male,Non-caucasian,1,4,3,4,4,4,4,4,4,4,4,3,worker_99,worker_52,worker_1,worker_49,worker_86,worker_68,worker_141,worker_107,worker_56,worker_133,worker_44
107,25 to 45,30,Misdemeanor (Light),1,< week,Male,Caucasian,1,2,1,1,2,1,3,3,3,2,4,2,worker_91,worker_19,worker_113,worker_109,worker_106,worker_115,worker_25,worker_126,worker_44,worker_132,worker_45
108,25 to 45,29,Felony (Serious),5,> 3 months,Female,Non-caucasian,1,3,4,4,4,3,3,4,3,3,2,4,worker_133,worker_29,worker_9,worker_35,worker_136,worker_123,worker_59,worker_84,worker_125,worker_97,worker_138
109,25 to 45,34,Felony (Serious),12,< week,Male,Non-caucasian,1,4,3,2,4,4,4,3,2,2,4,3,worker_111,worker_133,worker_83,worker_50,worker_139,worker_96,worker_41,worker_20,worker_55,worker_8,worker_44
110,25 to 45,28,Felony (Serious),5,< week,Male,Non-caucasian,1,4,2,3,3,4,4,3,3,2,3,3,worker_111,worker_133,worker_83,worker_50,worker_139,worker_96,worker_41,worker_20,worker_55,worker_8,worker_44
111,25 to 45,28,Felony (Serious),9,< 3 months,Male,Non-caucasian,1,3,2,4,4,4,3,4,4,4,4,4,worker_63,worker_77,worker_81,worker_89,worker_121,worker_133,worker_117,worker_44,worker_43,worker_110,worker_18
112,Less than 25,23,Misdemeanor (Light),3,< 3 months,Male,Non-caucasian,1,1,3,4,3,3,3,3,2,3,2,3,worker_133,worker_29,worker_9,worker_35,worker_136,worker_123,worker_59,worker_84,worker_125,worker_97,worker_138
113,25 to 45,27,Felony (Serious),0,< week,Male,Caucasian,1,2,2,2,2,2,3,3,2,2,4,2,worker_91,worker_19,worker_113,worker_109,worker_106,worker_115,worker_25,worker_126,worker_44,worker_132,worker_45
114,Less than 25,23,Misdemeanor (Light),2,< week,Female,Non-caucasian,1,2,2,2,2,2,2,2,2,1,2,2,worker_44,worker_23,worker_2,worker_80,worker_79,worker_94,worker_6,worker_127,worker_98,worker_9,worker_67
115,25 to 45,29,Misdemeanor (Light),8,< week,Male,Non-caucasian,1,4,3,3,4,3,4,2,4,4,3,2,worker_33,worker_93,worker_11,worker_22,worker_28,worker_90,worker_44,worker_95,worker_34,worker_133,worker_38
116,25 to 45,27,Felony (Serious),15,< 3 months,Male,Non-caucasian,1,4,4,4,4,4,2,4,4,4,4,4,worker_44,worker_23,worker_2,worker_80,worker_79,worker_94,worker_6,worker_127,worker_98,worker_9,worker_67
117,25 to 45,27,Misdemeanor (Light),5,< week,Male,Non-caucasian,1,3,1,3,3,2,3,2,3,2,3,2,worker_128,worker_73,worker_137,worker_16,worker_133,worker_5,worker_105,worker_88,worker_116,worker_39,worker_129
118,Less than 25,24,Felony (Serious),0,< week,Female,Non-caucasian,1,3,3,3,1,2,1,2,2,2,1,2,worker_63,worker_77,worker_81,worker_89,worker_121,worker_133,worker_117,worker_44,worker_43,worker_110,worker_18
119,25 to 45,39,Felony (Serious),3,< 3 months,Male,Non-caucasian,1,3,1,3,4,4,2,3,4,2,3,2,worker_27,worker_10,worker_130,worker_78,worker_26,worker_133,worker_71,worker_131,worker_122,worker_72,worker_13
120,25 to 45,40,Felony (Serious),8,< week,Male,Caucasian,1,4,4,3,3,4,3,4,4,4,4,4,worker_44,worker_23,worker_2,worker_80,worker_79,worker_94,worker_6,worker_127,worker_98,worker_9,worker_67
121,25 to 45,37,Misdemeanor (Light),4,< week,Male,Non-caucasian,1,2,1,3,4,4,1,3,4,3,3,2,worker_27,worker_10,worker_130,worker_78,worker_26,worker_133,worker_71,worker_131,worker_122,worker_72,worker_13
122,25 to 45,42,Felony (Serious),8,< week,Female,Non-caucasian,1,2,3,3,4,4,4,4,4,3,4,4,worker_102,worker_135,worker_47,worker_103,worker_57,worker_53,worker_42,worker_133,worker_24,worker_30,worker_124
123,25 to 45,26,Felony (Serious),8,< week,Male,Non-caucasian,1,4,4,4,4,3,4,2,2,3,4,4,worker_100,worker_87,worker_120,worker_37,worker_60,worker_21,worker_140,worker_85,worker_44,worker_69,worker_65
124,25 to 45,26,Felony (Serious),4,< week,Male,Caucasian,1,2,3,3,2,3,3,3,3,3,3,4,worker_91,worker_19,worker_113,worker_109,worker_106,worker_115,worker_25,worker_126,worker_44,worker_132,worker_45
125,Greater than 45,51,Misdemeanor (Light),2,< week,Male,Caucasian,1,2,1,2,3,3,2,3,3,2,2,2,worker_111,worker_133,worker_83,worker_50,worker_139,worker_96,worker_41,worker_20,worker_55,worker_8,worker_44
126,Greater than 45,55,Misdemeanor (Light),3,< 3 months,Male,Non-caucasian,1,1,4,4,4,3,3,2,3,3,3,2,worker_133,worker_29,worker_9,worker_35,worker_136,worker_123,worker_59,worker_84,worker_125,worker_97,worker_138
127,25 to 45,28,Felony (Serious),13,< week,Male,Non-caucasian,1,4,4,4,4,2,4,4,4,4,4,3,worker_33,worker_93,worker_11,worker_22,worker_28,worker_90,worker_44,worker_95,worker_34,worker_133,worker_38
128,Less than 25,22,Felony (Serious),0,< week,Male,Non-caucasian,1,1,1,1,3,1,1,4,3,1,2,2,worker_27,worker_10,worker_130,worker_78,worker_26,worker_133,worker_71,worker_131,worker_122,worker_72,worker_13
129,25 to 45,26,Felony (Serious),2,< week,Male,Non-caucasian,1,3,3,4,2,3,2,2,3,2,2,3,worker_63,worker_77,worker_81,worker_89,worker_121,worker_133,worker_117,worker_44,worker_43,worker_110,worker_18
130,25 to 45,36,Felony (Serious),11,< 3 months,Male,Non-caucasian,1,4,4,4,4,3,4,3,3,3,4,4,worker_100,worker_87,worker_120,worker_37,worker_60,worker_21,worker_140,worker_85,worker_44,worker_69,worker_65
131,25 to 45,41,Felony (Serious),1,< week,Male,Caucasian,1,3,2,2,2,3,2,1,2,1,2,1,worker_32,worker_60,worker_114,worker_104,worker_17,worker_48,worker_31,worker_74,worker_133,worker_14,worker_75
132,Less than 25,21,Felony (Serious),3,< week,Male,Caucasian,1,3,3,4,2,3,2,1,2,4,4,2,worker_44,worker_105,worker_4,worker_80,worker_82,worker_119,worker_133,worker_15,worker_12,worker_70,worker_58
133,25 to 45,28,Felony (Serious),20,< week,Male,Non-caucasian,1,4,4,4,4,2,3,4,4,4,2,4,worker_133,worker_29,worker_9,worker_35,worker_136,worker_123,worker_59,worker_84,worker_125,worker_97,worker_138
134,Greater than 45,59,Misdemeanor (Light),0,< week,Male,Caucasian,1,2,1,1,2,1,3,3,1,1,2,1,worker_91,worker_19,worker_113,worker_109,worker_106,worker_115,worker_25,worker_126,worker_44,worker_132,worker_45
135,25 to 45,40,Misdemeanor (Light),8,< week,Male,Non-caucasian,1,2,3,2,4,3,3,4,4,3,3,4,worker_102,worker_135,worker_47,worker_103,worker_57,worker_53,worker_42,worker_133,worker_24,worker_30,worker_124
136,Less than 25,21,Misdemeanor (Light),1,< week,Male,Non-caucasian,1,1,1,4,2,3,1,2,3,1,2,2,worker_133,worker_29,worker_9,worker_35,worker_136,worker_123,worker_59,worker_84,worker_125,worker_97,worker_138
137,25 to 45,25,Felony (Serious),2,< week,Male,Caucasian,1,4,3,4,2,4,2,3,2,3,2,1,worker_46,worker_44,worker_61,worker_62,worker_112,worker_40,worker_51,worker_92,worker_101,worker_7,worker_133
138,Greater than 45,47,Misdemeanor (Light),3,< week,Male,Non-caucasian,1,3,2,1,2,2,2,4,2,2,3,1,worker_46,worker_44,worker_61,worker_62,worker_112,worker_40,worker_51,worker_92,worker_101,worker_7,worker_133
139,Less than 25,21,Misdemeanor (Light),5,< week,Male,Non-caucasian,1,4,2,2,2,4,4,3,3,2,3,2,worker_111,worker_133,worker_83,worker_50,worker_139,worker_96,worker_41,worker_20,worker_55,worker_8,worker_44
140,25 to 45,29,Felony (Serious),1,< week,Male,Non-caucasian,1,3,1,3,1,2,2,3,3,4,4,2,worker_44,worker_23,worker_2,worker_80,worker_79,worker_94,worker_6,worker_127,worker_98,worker_9,worker_67
141,25 to 45,40,Felony (Serious),4,< week,Male,Caucasian,1,3,3,2,3,3,3,2,1,2,2,3,worker_102,worker_135,worker_47,worker_103,worker_57,worker_53,worker_42,worker_133,worker_24,worker_30,worker_124
142,25 to 45,30,Misdemeanor (Light),0,< week,Female,Non-caucasian,1,2,1,1,1,3,1,2,1,1,1,2,worker_44,worker_118,worker_133,worker_64,worker_3,worker_76,worker_54,worker_134,worker_36,worker_66,worker_108
143,Less than 25,21,Misdemeanor (Light),0,< week,Female,Caucasian,1,1,3,1,2,2,1,1,1,1,1,1,worker_32,worker_60,worker_114,worker_104,worker_17,worker_48,worker_31,worker_74,worker_133,worker_14,worker_75
144,25 to 45,25,Misdemeanor (Light),0,< 3 months,Male,Caucasian,1,2,3,1,1,2,2,1,1,1,1,1,worker_99,worker_52,worker_1,worker_49,worker_86,worker_68,worker_141,worker_107,worker_56,worker_133,worker_44
145,25 to 45,27,Misdemeanor (Light),5,< 3 months,Male,Non-caucasian,1,3,4,1,3,2,4,4,3,4,4,3,worker_44,worker_23,worker_2,worker_80,worker_79,worker_94,worker_6,worker_127,worker_98,worker_9,worker_67
146,Greater than 45,45,Misdemeanor (Light),4,< week,Male,Caucasian,1,2,4,2,2,2,2,2,3,4,3,2,worker_44,worker_23,worker_2,worker_80,worker_79,worker_94,worker_6,worker_127,worker_98,worker_9,worker_67
147,25 to 45,32,Felony (Serious),4,< week,Male,Non-caucasian,1,4,4,4,4,2,3,3,4,3,1,2,worker_33,worker_93,worker_11,worker_22,worker_28,worker_90,worker_44,worker_95,worker_34,worker_133,worker_38
148,25 to 45,40,Felony (Serious),3,< week,Female,Caucasian,1,4,2,2,2,3,3,2,3,1,3,2,worker_32,worker_60,worker_114,worker_104,worker_17,worker_48,worker_31,worker_74,worker_133,worker_14,worker_75
149,25 to 45,43,Misdemeanor (Light),6,< week,Male,Caucasian,1,3,2,2,1,3,4,3,2,4,2,2,worker_111,worker_133,worker_83,worker_50,worker_139,worker_96,worker_41,worker_20,worker_55,worker_8,worker_44
150,25 to 45,33,Misdemeanor (Light),3,> 3 months,Male,Non-caucasian,1,3,3,1,2,3,3,3,3,4,4,2,worker_44,worker_23,worker_2,worker_80,worker_79,worker_94,worker_6,worker_127,worker_98,worker_9,worker_67
151,25 to 45,30,Felony (Serious),18,< 3 months,Male,Non-caucasian,1,3,3,4,4,4,4,3,4,4,4,2,worker_27,worker_10,worker_130,worker_78,worker_26,worker_133,worker_71,worker_131,worker_122,worker_72,worker_13
152,Less than 25,23,Felony (Serious),10,< week,Male,Non-caucasian,1,4,3,4,2,4,4,4,3,2,3,3,worker_111,worker_133,worker_83,worker_50,worker_139,worker_96,worker_41,worker_20,worker_55,worker_8,worker_44
153,Greater than 45,60,Felony (Serious),13,< week,Male,Non-caucasian,1,4,4,3,3,4,2,3,4,4,4,4,worker_91,worker_19,worker_113,worker_109,worker_106,worker_115,worker_25,worker_126,worker_44,worker_132,worker_45
154,25 to 45,26,Felony (Serious),4,< week,Male,Non-caucasian,1,3,3,3,4,3,1,4,3,4,1,3,worker_99,worker_52,worker_1,worker_49,worker_86,worker_68,worker_141,worker_107,worker_56,worker_133,worker_44
155,25 to 45,29,Felony (Serious),10,< 3 months,Male,Non-caucasian,1,4,4,4,4,4,3,4,3,3,4,3,worker_44,worker_105,worker_4,worker_80,worker_82,worker_119,worker_133,worker_15,worker_12,worker_70,worker_58
156,Less than 25,22,Felony (Serious),1,< 3 months,Male,Non-caucasian,1,2,3,4,1,3,2,4,2,2,2,1,worker_46,worker_44,worker_61,worker_62,worker_112,worker_40,worker_51,worker_92,worker_101,worker_7,worker_133
157,25 to 45,33,Misdemeanor (Light),9,< week,Male,Non-caucasian,1,3,3,3,3,4,3,3,3,3,3,4,worker_91,worker_19,worker_113,worker_109,worker_106,worker_115,worker_25,worker_126,worker_44,worker_132,worker_45
158,25 to 45,31,Misdemeanor (Light),9,< week,Male,Caucasian,1,3,4,4,3,2,3,4,3,2,2,4,worker_44,worker_105,worker_4,worker_80,worker_82,worker_119,worker_133,worker_15,worker_12,worker_70,worker_58
159,Less than 25,24,Felony (Serious),0,< week,Male,Non-caucasian,1,2,1,1,2,3,1,2,1,1,2,3,worker_44,worker_118,worker_133,worker_64,worker_3,worker_76,worker_54,worker_134,worker_36,worker_66,worker_108
160,Greater than 45,57,Felony (Serious),28,< week,Male,Non-caucasian,1,4,4,4,2,4,1,1,4,4,3,4,worker_91,worker_19,worker_113,worker_109,worker_106,worker_115,worker_25,worker_126,worker_44,worker_132,worker_45
161,25 to 45,36,Felony (Serious),14,< week,Male,Non-caucasian,1,2,4,2,4,4,4,3,3,2,3,4,worker_111,worker_133,worker_83,worker_50,worker_139,worker_96,worker_41,worker_20,worker_55,worker_8,worker_44
162,25 to 45,32,Felony (Serious),4,< week,Male,Caucasian,1,1,4,4,4,3,3,3,2,3,2,3,worker_133,worker_29,worker_9,worker_35,worker_136,worker_123,worker_59,worker_84,worker_125,worker_97,worker_138
163,Less than 25,24,Felony (Serious),3,< week,Male,Non-caucasian,1,3,1,2,4,4,2,3,4,2,3,3,worker_27,worker_10,worker_130,worker_78,worker_26,worker_133,worker_71,worker_131,worker_122,worker_72,worker_13
164,Less than 25,22,Misdemeanor (Light),1,< week,Male,Non-caucasian,1,2,1,2,2,3,3,3,3,2,3,1,worker_91,worker_19,worker_113,worker_109,worker_106,worker_115,worker_25,worker_126,worker_44,worker_132,worker_45
165,25 to 45,35,Felony (Serious),5,< week,Female,Non-caucasian,1,4,3,3,4,2,3,2,4,3,1,4,worker_33,worker_93,worker_11,worker_22,worker_28,worker_90,worker_44,worker_95,worker_34,worker_133,worker_38
166,25 to 45,33,Felony (Serious),0,< week,Male,Non-caucasian,1,2,3,2,1,2,1,2,2,3,1,3,worker_63,worker_77,worker_81,worker_89,worker_121,worker_133,worker_117,worker_44,worker_43,worker_110,worker_18
167,25 to 45,28,Felony (Serious),2,< week,Male,Non-caucasian,1,1,3,4,2,3,2,3,3,2,2,3,worker_133,worker_29,worker_9,worker_35,worker_136,worker_123,worker_59,worker_84,worker_125,worker_97,worker_138
168,25 to 45,41,Felony (Serious),18,> 3 months,Male,Non-caucasian,1,4,4,3,4,4,3,4,4,4,4,4,worker_44,worker_23,worker_2,worker_80,worker_79,worker_94,worker_6,worker_127,worker_98,worker_9,worker_67
169,Less than 25,23,Felony (Serious),1,< week,Male,Non-caucasian,1,3,4,4,3,3,2,2,4,1,2,1,worker_32,worker_60,worker_114,worker_104,worker_17,worker_48,worker_31,worker_74,worker_133,worker_14,worker_75
170,Less than 25,24,Misdemeanor (Light),0,< 3 months,Male,Non-caucasian,1,2,1,2,1,1,1,1,1,4,2,2,worker_44,worker_105,worker_4,worker_80,worker_82,worker_119,worker_133,worker_15,worker_12,worker_70,worker_58
171,Less than 25,24,Felony (Serious),4,< week,Male,Non-caucasian,1,3,4,2,4,1,4,4,3,3,4,2,worker_44,worker_118,worker_133,worker_64,worker_3,worker_76,worker_54,worker_134,worker_36,worker_66,worker_108
172,25 to 45,36,Felony (Serious),9,< week,Male,Non-caucasian,1,4,2,4,4,3,2,4,3,3,4,2,worker_128,worker_73,worker_137,worker_16,worker_133,worker_5,worker_105,worker_88,worker_116,worker_39,worker_129
173,Greater than 45,47,Felony (Serious),7,< 3 months,Male,Non-caucasian,1,3,4,4,4,3,4,4,4,4,2,4,worker_133,worker_29,worker_9,worker_35,worker_136,worker_123,worker_59,worker_84,worker_125,worker_97,worker_138
174,Greater than 45,46,Felony (Serious),7,< week,Female,Caucasian,1,4,3,3,3,4,4,3,4,3,3,3,worker_33,worker_93,worker_11,worker_22,worker_28,worker_90,worker_44,worker_95,worker_34,worker_133,worker_38
175,25 to 45,28,Misdemeanor (Light),2,< week,Male,Non-caucasian,1,3,3,2,2,2,2,3,2,3,1,2,worker_99,worker_52,worker_1,worker_49,worker_86,worker_68,worker_141,worker_107,worker_56,worker_133,worker_44
176,Less than 25,22,Felony (Serious),0,< week,Female,Non-caucasian,1,2,1,2,1,2,1,1,1,4,2,2,worker_44,worker_105,worker_4,worker_80,worker_82,worker_119,worker_133,worker_15,worker_12,worker_70,worker_58
177,Less than 25,22,Felony (Serious),8,< 3 months,Male,Non-caucasian,1,4,4,2,4,3,4,3,4,4,3,3,worker_33,worker_93,worker_11,worker_22,worker_28,worker_90,worker_44,worker_95,worker_34,worker_133,worker_38
178,Greater than 45,54,Felony (Serious),10,< week,Male,Non-caucasian,1,4,3,4,4,4,4,4,4,4,4,4,worker_32,worker_60,worker_114,worker_104,worker_17,worker_48,worker_31,worker_74,worker_133,worker_14,worker_75
179,25 to 45,36,Felony (Serious),5,< week,Female,Caucasian,1,3,4,3,3,3,3,4,4,4,4,4,worker_44,worker_23,worker_2,worker_80,worker_79,worker_94,worker_6,worker_127,worker_98,worker_9,worker_67
180,25 to 45,30,Felony (Serious),8,< 3 months,Male,Non-caucasian,1,4,4,4,4,4,4,4,4,3,4,4,worker_32,worker_60,worker_114,worker_104,worker_17,worker_48,worker_31,worker_74,worker_133,worker_14,worker_75
181,Less than 25,23,Felony (Serious),1,< 3 months,Female,Non-caucasian,1,3,2,2,1,2,2,4,2,2,2,1,worker_46,worker_44,worker_61,worker_62,worker_112,worker_40,worker_51,worker_92,worker_101,worker_7,worker_133
182,25 to 45,27,Misdemeanor (Light),0,< week,Female,Caucasian,1,1,1,1,2,4,1,3,2,2,1,2,worker_100,worker_87,worker_120,worker_37,worker_60,worker_21,worker_140,worker_85,worker_44,worker_69,worker_65
183,25 to 45,25,Felony (Serious),3,< week,Male,Non-caucasian,1,2,1,2,4,4,1,3,4,2,3,2,worker_27,worker_10,worker_130,worker_78,worker_26,worker_133,worker_71,worker_131,worker_122,worker_72,worker_13
184,25 to 45,27,Felony (Serious),3,< week,Female,Non-caucasian,1,4,2,3,2,4,4,3,3,2,4,2,worker_111,worker_133,worker_83,worker_50,worker_139,worker_96,worker_41,worker_20,worker_55,worker_8,worker_44
185,25 to 45,38,Misdemeanor (Light),16,< 3 months,Male,Non-caucasian,1,4,4,4,4,3,4,3,4,4,4,1,worker_33,worker_93,worker_11,worker_22,worker_28,worker_90,worker_44,worker_95,worker_34,worker_133,worker_38
186,25 to 45,27,Misdemeanor (Light),0,< week,Male,Non-caucasian,1,1,1,1,1,1,1,1,1,4,2,3,worker_44,worker_105,worker_4,worker_80,worker_82,worker_119,worker_133,worker_15,worker_12,worker_70,worker_58
187,25 to 45,30,Felony (Serious),4,< week,Male,Caucasian,1,4,3,3,2,2,4,3,3,3,4,3,worker_100,worker_87,worker_120,worker_37,worker_60,worker_21,worker_140,worker_85,worker_44,worker_69,worker_65
188,25 to 45,33,Misdemeanor (Light),4,< 3 months,Male,Non-caucasian,1,2,3,2,3,2,3,2,4,4,4,2,worker_44,worker_23,worker_2,worker_80,worker_79,worker_94,worker_6,worker_127,worker_98,worker_9,worker_67
189,25 to 45,29,Felony (Serious),2,< 3 months,Female,Non-caucasian,1,1,3,4,3,2,3,3,3,4,2,3,worker_63,worker_77,worker_81,worker_89,worker_121,worker_133,worker_117,worker_44,worker_43,worker_110,worker_18
190,25 to 45,29,Felony (Serious),2,< week,Male,Non-caucasian,1,3,3,3,2,3,2,3,4,4,3,3,worker_44,worker_23,worker_2,worker_80,worker_79,worker_94,worker_6,worker_127,worker_98,worker_9,worker_67
191,Less than 25,22,Felony (Serious),1,< week,Male,Non-caucasian,1,2,1,3,1,2,2,1,1,4,4,3,worker_44,worker_105,worker_4,worker_80,worker_82,worker_119,worker_133,worker_15,worker_12,worker_70,worker_58
192,Greater than 45,47,Felony (Serious),4,< 3 months,Male,Non-caucasian,1,3,2,2,3,1,4,2,3,1,3,3,worker_128,worker_73,worker_137,worker_16,worker_133,worker_5,worker_105,worker_88,worker_116,worker_39,worker_129
193,25 to 45,42,Felony (Serious),4,< week,Female,Caucasian,1,3,2,3,3,1,3,4,4,3,3,3,worker_128,worker_73,worker_137,worker_16,worker_133,worker_5,worker_105,worker_88,worker_116,worker_39,worker_129
194,25 to 45,28,Misdemeanor (Light),6,< week,Female,Non-caucasian,1,2,4,2,3,3,4,4,4,4,4,3,worker_44,worker_23,worker_2,worker_80,worker_79,worker_94,worker_6,worker_127,worker_98,worker_9,worker_67
195,25 to 45,30,Felony (Serious),3,< week,Male,Non-caucasian,1,3,2,3,3,1,2,2,3,4,3,3,worker_128,worker_73,worker_137,worker_16,worker_133,worker_5,worker_105,worker_88,worker_116,worker_39,worker_129
196,25 to 45,26,Felony (Serious),4,< week,Female,Non-caucasian,1,3,4,1,3,3,4,4,3,2,4,3,worker_44,worker_23,worker_2,worker_80,worker_79,worker_94,worker_6,worker_127,worker_98,worker_9,worker_67
197,25 to 45,31,Felony (Serious),9,< week,Female,Non-caucasian,1,4,4,3,4,3,4,3,4,3,3,4,worker_33,worker_93,worker_11,worker_22,worker_28,worker_90,worker_44,worker_95,worker_34,worker_133,worker_38
198,25 to 45,25,Misdemeanor (Light),7,< week,Male,Caucasian,1,2,4,3,4,3,4,4,4,4,4,2,worker_44,worker_118,worker_133,worker_64,worker_3,worker_76,worker_54,worker_134,worker_36,worker_66,worker_108
199,Less than 25,21,Felony (Serious),0,< week,Male,Non-caucasian,1,1,2,2,1,3,2,3,1,2,3,2,worker_133,worker_29,worker_9,worker_35,worker_136,worker_123,worker_59,worker_84,worker_125,worker_97,worker_138
200,25 to 45,35,Misdemeanor (Light),12,< week,Male,Non-caucasian,1,2,4,3,4,4,3,4,4,4,4,4,worker_102,worker_135,worker_47,worker_103,worker_57,worker_53,worker_42,worker_133,worker_24,worker_30,worker_124
201,25 to 45,26,Misdemeanor (Light),3,< week,Male,Caucasian,1,4,2,1,2,3,2,2,2,1,3,2,worker_32,worker_60,worker_114,worker_104,worker_17,worker_48,worker_31,worker_74,worker_133,worker_14,worker_75
202,Less than 25,23,Felony (Serious),0,< week,Male,Non-caucasian,1,4,1,4,3,3,1,2,2,2,1,2,worker_33,worker_93,worker_11,worker_22,worker_28,worker_90,worker_44,worker_95,worker_34,worker_133,worker_38
203,25 to 45,28,Misdemeanor (Light),0,< week,Male,Caucasian,1,1,1,1,2,1,1,3,1,1,1,1,worker_27,worker_10,worker_130,worker_78,worker_26,worker_133,worker_71,worker_131,worker_122,worker_72,worker_13
204,Less than 25,21,Felony (Serious),0,< week,Male,Non-caucasian,1,1,3,1,1,2,2,2,2,2,2,3,worker_63,worker_77,worker_81,worker_89,worker_121,worker_133,worker_117,worker_44,worker_43,worker_110,worker_18
205,Greater than 45,51,Misdemeanor (Light),7,< week,Male,Non-caucasian,1,3,4,3,4,3,4,4,4,4,4,3,worker_44,worker_118,worker_133,worker_64,worker_3,worker_76,worker_54,worker_134,worker_36,worker_66,worker_108
206,Greater than 45,57,Felony (Serious),14,< 3 months,Male,Caucasian,1,4,4,4,4,1,4,4,4,4,4,3,worker_44,worker_118,worker_133,worker_64,worker_3,worker_76,worker_54,worker_134,worker_36,worker_66,worker_108
207,25 to 45,34,Misdemeanor (Light),3,< week,Male,Non-caucasian,1,4,4,4,4,2,2,2,3,1,3,3,worker_32,worker_60,worker_114,worker_104,worker_17,worker_48,worker_31,worker_74,worker_133,worker_14,worker_75
208,Less than 25,24,Misdemeanor (Light),2,< 3 months,Male,Non-caucasian,1,2,2,1,4,2,4,3,2,3,3,2,worker_44,worker_118,worker_133,worker_64,worker_3,worker_76,worker_54,worker_134,worker_36,worker_66,worker_108
209,25 to 45,35,Misdemeanor (Light),8,< 3 months,Male,Non-caucasian,1,3,4,3,3,3,2,3,2,3,3,4,worker_100,worker_87,worker_120,worker_37,worker_60,worker_21,worker_140,worker_85,worker_44,worker_69,worker_65
210,Less than 25,20,Misdemeanor (Light),0,< week,Female,Non-caucasian,1,1,2,2,1,1,1,1,1,2,1,2,worker_63,worker_77,worker_81,worker_89,worker_121,worker_133,worker_117,worker_44,worker_43,worker_110,worker_18
211,25 to 45,30,Misdemeanor (Light),0,< week,Male,Non-caucasian,1,1,3,1,1,1,4,1,2,4,2,3,worker_128,worker_73,worker_137,worker_16,worker_133,worker_5,worker_105,worker_88,worker_116,worker_39,worker_129
212,25 to 45,39,Felony (Serious),2,< 3 months,Male,Caucasian,-1,3,3,3,2,2,2,4,2,2,2,1,worker_46,worker_44,worker_61,worker_62,worker_112,worker_40,worker_51,worker_92,worker_101,worker_7,worker_133
213,25 to 45,41,Felony (Serious),6,< week,Male,Non-caucasian,-1,3,3,3,2,4,3,3,4,4,3,4,worker_91,worker_19,worker_113,worker_109,worker_106,worker_115,worker_25,worker_126,worker_44,worker_132,worker_45
214,Greater than 45,48,Misdemeanor (Light),12,< week,Male,Non-caucasian,-1,4,2,4,4,4,1,3,3,4,3,3,worker_63,worker_77,worker_81,worker_89,worker_121,worker_133,worker_117,worker_44,worker_43,worker_110,worker_18
215,Less than 25,22,Felony (Serious),0,< week,Female,Non-caucasian,-1,3,2,2,1,2,3,2,2,2,2,1,worker_46,worker_44,worker_61,worker_62,worker_112,worker_40,worker_51,worker_92,worker_101,worker_7,worker_133
216,25 to 45,39,Felony (Serious),8,< 3 months,Male,Non-caucasian,-1,3,3,4,4,4,2,3,4,4,3,4,worker_63,worker_77,worker_81,worker_89,worker_121,worker_133,worker_117,worker_44,worker_43,worker_110,worker_18
217,25 to 45,35,Felony (Serious),9,< week,Male,Non-caucasian,-1,3,4,4,3,4,3,4,4,4,4,3,worker_46,worker_44,worker_61,worker_62,worker_112,worker_40,worker_51,worker_92,worker_101,worker_7,worker_133
218,25 to 45,26,Misdemeanor (Light),1,< 3 months,Male,Non-caucasian,-1,1,2,3,3,3,2,2,3,1,2,1,worker_133,worker_29,worker_9,worker_35,worker_136,worker_123,worker_59,worker_84,worker_125,worker_97,worker_138
219,25 to 45,27,Felony (Serious),1,< week,Male,Non-caucasian,-1,2,2,3,2,2,1,1,1,1,2,1,worker_102,worker_135,worker_47,worker_103,worker_57,worker_53,worker_42,worker_133,worker_24,worker_30,worker_124
220,25 to 45,31,Misdemeanor (Light),1,< week,Male,Non-caucasian,-1,3,1,2,2,1,1,1,1,1,2,1,worker_102,worker_135,worker_47,worker_103,worker_57,worker_53,worker_42,worker_133,worker_24,worker_30,worker_124
221,25 to 45,34,Misdemeanor (Light),1,< week,Male,Caucasian,-1,2,2,2,2,2,3,2,1,2,1,1,worker_99,worker_52,worker_1,worker_49,worker_86,worker_68,worker_141,worker_107,worker_56,worker_133,worker_44
222,25 to 45,27,Misdemeanor (Light),1,< week,Male,Non-caucasian,-1,2,2,2,1,4,2,1,3,2,2,1,worker_100,worker_87,worker_120,worker_37,worker_60,worker_21,worker_140,worker_85,worker_44,worker_69,worker_65
223,25 to 45,26,Felony (Serious),4,< week,Female,Non-caucasian,-1,2,2,4,3,3,1,3,3,4,2,3,worker_63,worker_77,worker_81,worker_89,worker_121,worker_133,worker_117,worker_44,worker_43,worker_110,worker_18
224,Greater than 45,58,Misdemeanor (Light),0,< week,Male,Non-caucasian,-1,2,1,2,1,1,1,2,1,1,1,1,worker_44,worker_23,worker_2,worker_80,worker_79,worker_94,worker_6,worker_127,worker_98,worker_9,worker_67
225,Greater than 45,50,Misdemeanor (Light),0,< week,Male,Caucasian,-1,1,3,1,1,2,1,1,1,1,1,2,worker_99,worker_52,worker_1,worker_49,worker_86,worker_68,worker_141,worker_107,worker_56,worker_133,worker_44
226,25 to 45,34,Felony (Serious),10,< week,Male,Non-caucasian,-1,3,4,3,2,4,4,4,2,2,4,3,worker_111,worker_133,worker_83,worker_50,worker_139,worker_96,worker_41,worker_20,worker_55,worker_8,worker_44
227,25 to 45,26,Felony (Serious),2,< week,Male,Caucasian,-1,4,2,3,2,3,3,2,3,1,2,1,worker_32,worker_60,worker_114,worker_104,worker_17,worker_48,worker_31,worker_74,worker_133,worker_14,worker_75
228,25 to 45,31,Felony (Serious),0,< week,Male,Caucasian,-1,2,2,3,1,2,1,2,2,2,1,2,worker_63,worker_77,worker_81,worker_89,worker_121,worker_133,worker_117,worker_44,worker_43,worker_110,worker_18
229,25 to 45,39,Felony (Serious),0,< 3 months,Male,Non-caucasian,-1,2,2,2,2,2,1,4,2,2,2,2,worker_91,worker_19,worker_113,worker_109,worker_106,worker_115,worker_25,worker_126,worker_44,worker_132,worker_45
230,Less than 25,22,Misdemeanor (Light),0,< week,Female,Non-caucasian,-1,2,3,2,1,1,1,1,2,2,1,2,worker_63,worker_77,worker_81,worker_89,worker_121,worker_133,worker_117,worker_44,worker_43,worker_110,worker_18
231,Less than 25,21,Felony (Serious),2,< week,Female,Non-caucasian,-1,2,1,3,2,2,2,2,1,1,2,2,worker_102,worker_135,worker_47,worker_103,worker_57,worker_53,worker_42,worker_133,worker_24,worker_30,worker_124
232,Less than 25,20,Felony (Serious),1,< week,Male,Caucasian,-1,2,1,2,1,2,2,1,1,4,4,2,worker_44,worker_105,worker_4,worker_80,worker_82,worker_119,worker_133,worker_15,worker_12,worker_70,worker_58
233,Greater than 45,55,Felony (Serious),0,< week,Female,Caucasian,-1,1,2,2,1,3,2,2,1,1,3,2,worker_133,worker_29,worker_9,worker_35,worker_136,worker_123,worker_59,worker_84,worker_125,worker_97,worker_138
234,Less than 25,24,Misdemeanor (Light),0,< week,Male,Non-caucasian,-1,1,2,2,1,1,1,1,1,2,1,2,worker_63,worker_77,worker_81,worker_89,worker_121,worker_133,worker_117,worker_44,worker_43,worker_110,worker_18
235,25 to 45,34,Misdemeanor (Light),1,< week,Female,Caucasian,-1,2,1,1,3,1,3,3,3,2,3,1,worker_91,worker_19,worker_113,worker_109,worker_106,worker_115,worker_25,worker_126,worker_44,worker_132,worker_45
236,Less than 25,24,Felony (Serious),0,< week,Male,Non-caucasian,-1,2,2,3,2,2,2,1,1,1,2,2,worker_102,worker_135,worker_47,worker_103,worker_57,worker_53,worker_42,worker_133,worker_24,worker_30,worker_124
237,25 to 45,42,Felony (Serious),8,< week,Male,Caucasian,-1,3,3,3,2,4,4,3,3,2,2,3,worker_111,worker_133,worker_83,worker_50,worker_139,worker_96,worker_41,worker_20,worker_55,worker_8,worker_44
238,Less than 25,20,Misdemeanor (Light),0,< week,Male,Caucasian,-1,2,3,1,1,2,1,1,1,1,1,2,worker_99,worker_52,worker_1,worker_49,worker_86,worker_68,worker_141,worker_107,worker_56,worker_133,worker_44
239,Less than 25,20,Misdemeanor (Light),0,< week,Male,Non-caucasian,-1,1,2,2,1,1,1,1,1,2,1,2,worker_63,worker_77,worker_81,worker_89,worker_121,worker_133,worker_117,worker_44,worker_43,worker_110,worker_18
240,25 to 45,27,Misdemeanor (Light),5,< week,Male,Non-caucasian,-1,2,3,3,3,3,3,3,3,2,4,3,worker_102,worker_135,worker_47,worker_103,worker_57,worker_53,worker_42,worker_133,worker_24,worker_30,worker_124
241,Less than 25,20,Felony (Serious),0,< week,Male,Non-caucasian,-1,2,1,3,2,2,1,1,1,1,1,1,worker_102,worker_135,worker_47,worker_103,worker_57,worker_53,worker_42,worker_133,worker_24,worker_30,worker_124
242,Less than 25,24,Felony (Serious),0,< week,Female,Non-caucasian,-1,2,3,1,1,1,3,1,3,3,1,2,worker_128,worker_73,worker_137,worker_16,worker_133,worker_5,worker_105,worker_88,worker_116,worker_39,worker_129
243,25 to 45,27,Felony (Serious),0,< 3 months,Male,Caucasian,-1,4,1,3,1,4,3,3,2,1,1,2,worker_33,worker_93,worker_11,worker_22,worker_28,worker_90,worker_44,worker_95,worker_34,worker_133,worker_38
244,Greater than 45,54,Felony (Serious),0,< week,Male,Caucasian,-1,4,1,4,1,2,1,2,1,1,1,3,worker_33,worker_93,worker_11,worker_22,worker_28,worker_90,worker_44,worker_95,worker_34,worker_133,worker_38
245,Greater than 45,53,Felony (Serious),0,< week,Female,Non-caucasian,-1,2,1,1,2,1,1,1,1,1,2,2,worker_44,worker_118,worker_133,worker_64,worker_3,worker_76,worker_54,worker_134,worker_36,worker_66,worker_108
246,Greater than 45,49,Felony (Serious),0,< week,Female,Caucasian,-1,1,3,1,1,2,1,1,1,1,1,3,worker_99,worker_52,worker_1,worker_49,worker_86,worker_68,worker_141,worker_107,worker_56,worker_133,worker_44
247,Greater than 45,57,Felony (Serious),0,< week,Male,Caucasian,-1,1,2,2,1,2,2,3,1,1,3,2,worker_133,worker_29,worker_9,worker_35,worker_136,worker_123,worker_59,worker_84,worker_125,worker_97,worker_138
248,25 to 45,42,Felony (Serious),1,< week,Female,Non-caucasian,-1,1,1,3,2,3,3,2,3,2,4,2,worker_111,worker_133,worker_83,worker_50,worker_139,worker_96,worker_41,worker_20,worker_55,worker_8,worker_44
249,Greater than 45,51,Felony (Serious),1,< week,Male,Non-caucasian,-1,3,1,1,4,3,1,3,2,1,2,2,worker_44,worker_118,worker_133,worker_64,worker_3,worker_76,worker_54,worker_134,worker_36,worker_66,worker_108
250,Greater than 45,53,Misdemeanor (Light),13,< week,Male,Non-caucasian,-1,3,3,3,2,4,2,4,4,4,3,4,worker_46,worker_44,worker_61,worker_62,worker_112,worker_40,worker_51,worker_92,worker_101,worker_7,worker_133
251,25 to 45,43,Felony (Serious),6,< week,Female,Non-caucasian,-1,4,2,3,4,2,3,3,3,3,3,3,worker_128,worker_73,worker_137,worker_16,worker_133,worker_5,worker_105,worker_88,worker_116,worker_39,worker_129
252,25 to 45,34,Felony (Serious),0,< week,Male,Non-caucasian,-1,2,2,1,1,2,2,2,2,2,2,1,worker_46,worker_44,worker_61,worker_62,worker_112,worker_40,worker_51,worker_92,worker_101,worker_7,worker_133
253,Greater than 45,51,Misdemeanor (Light),0,< week,Male,Non-caucasian,-1,2,1,2,1,1,2,2,1,1,1,1,worker_44,worker_23,worker_2,worker_80,worker_79,worker_94,worker_6,worker_127,worker_98,worker_9,worker_67
254,25 to 45,26,Misdemeanor (Light),1,< week,Male,Caucasian,-1,1,2,2,2,3,1,2,1,1,2,2,worker_133,worker_29,worker_9,worker_35,worker_136,worker_123,worker_59,worker_84,worker_125,worker_97,worker_138
255,Greater than 45,47,Felony (Serious),5,< week,Male,Non-caucasian,-1,3,3,4,3,3,3,2,2,2,4,3,worker_44,worker_105,worker_4,worker_80,worker_82,worker_119,worker_133,worker_15,worker_12,worker_70,worker_58
256,Less than 25,22,Felony (Serious),0,< week,Male,Caucasian,-1,2,2,1,2,2,1,2,2,1,3,1,worker_32,worker_60,worker_114,worker_104,worker_17,worker_48,worker_31,worker_74,worker_133,worker_14,worker_75
257,25 to 45,25,Misdemeanor (Light),6,< week,Male,Non-caucasian,-1,2,1,1,4,4,3,3,4,3,2,2,worker_27,worker_10,worker_130,worker_78,worker_26,worker_133,worker_71,worker_131,worker_122,worker_72,worker_13
258,25 to 45,33,Misdemeanor (Light),0,< week,Male,Caucasian,-1,1,1,1,1,3,1,1,3,2,2,1,worker_100,worker_87,worker_120,worker_37,worker_60,worker_21,worker_140,worker_85,worker_44,worker_69,worker_65
259,25 to 45,28,Felony (Serious),1,< week,Female,Non-caucasian,-1,3,2,1,4,2,1,2,3,1,2,3,worker_44,worker_118,worker_133,worker_64,worker_3,worker_76,worker_54,worker_134,worker_36,worker_66,worker_108
260,Less than 25,20,Misdemeanor (Light),0,< week,Male,Caucasian,-1,3,1,2,4,1,1,2,2,3,1,2,worker_111,worker_133,worker_83,worker_50,worker_139,worker_96,worker_41,worker_20,worker_55,worker_8,worker_44
261,25 to 45,27,Felony (Serious),2,< week,Male,Non-caucasian,-1,3,2,1,4,2,3,3,3,3,3,2,worker_44,worker_118,worker_133,worker_64,worker_3,worker_76,worker_54,worker_134,worker_36,worker_66,worker_108
262,25 to 45,39,Felony (Serious),1,< 3 months,Female,Non-caucasian,-1,4,4,3,3,3,2,1,3,1,2,1,worker_32,worker_60,worker_114,worker_104,worker_17,worker_48,worker_31,worker_74,worker_133,worker_14,worker_75
263,25 to 45,26,Felony (Serious),0,< week,Male,Non-caucasian,-1,3,2,3,2,2,1,1,1,1,1,1,worker_102,worker_135,worker_47,worker_103,worker_57,worker_53,worker_42,worker_133,worker_24,worker_30,worker_124
264,Greater than 45,56,Misdemeanor (Light),5,< week,Male,Caucasian,-1,2,2,4,3,2,3,1,2,2,2,4,worker_44,worker_105,worker_4,worker_80,worker_82,worker_119,worker_133,worker_15,worker_12,worker_70,worker_58
265,Greater than 45,48,Felony (Serious),1,< week,Female,Non-caucasian,-1,4,2,3,2,3,1,2,3,1,1,2,worker_33,worker_93,worker_11,worker_22,worker_28,worker_90,worker_44,worker_95,worker_34,worker_133,worker_38
266,Less than 25,21,Felony (Serious),1,< week,Male,Non-caucasian,-1,3,3,2,1,3,3,3,2,3,3,2,worker_100,worker_87,worker_120,worker_37,worker_60,worker_21,worker_140,worker_85,worker_44,worker_69,worker_65
267,25 to 45,35,Misdemeanor (Light),0,< week,Male,Caucasian,-1,1,1,1,2,1,1,3,1,1,1,3,worker_27,worker_10,worker_130,worker_78,worker_26,worker_133,worker_71,worker_131,worker_122,worker_72,worker_13
268,Greater than 45,49,Felony (Serious),0,< week,Male,Caucasian,-1,2,3,1,2,2,1,2,2,1,1,3,worker_99,worker_52,worker_1,worker_49,worker_86,worker_68,worker_141,worker_107,worker_56,worker_133,worker_44
269,25 to 45,40,Felony (Serious),0,< week,Female,Caucasian,-1,1,1,2,3,1,1,2,3,2,2,2,worker_111,worker_133,worker_83,worker_50,worker_139,worker_96,worker_41,worker_20,worker_55,worker_8,worker_44
270,Less than 25,22,Misdemeanor (Light),4,< week,Male,Non-caucasian,-1,3,2,2,3,3,2,3,2,2,4,3,worker_100,worker_87,worker_120,worker_37,worker_60,worker_21,worker_140,worker_85,worker_44,worker_69,worker_65
271,Greater than 45,49,Misdemeanor (Light),1,< week,Male,Caucasian,-1,2,3,1,1,2,2,1,2,2,1,2,worker_99,worker_52,worker_1,worker_49,worker_86,worker_68,worker_141,worker_107,worker_56,worker_133,worker_44
272,Greater than 45,46,Felony (Serious),0,< week,Male,Caucasian,-1,2,1,2,1,2,2,2,2,2,1,1,worker_44,worker_23,worker_2,worker_80,worker_79,worker_94,worker_6,worker_127,worker_98,worker_9,worker_67
273,Greater than 45,57,Misdemeanor (Light),2,< week,Male,Non-caucasian,-1,2,1,1,3,2,1,3,3,2,2,3,worker_27,worker_10,worker_130,worker_78,worker_26,worker_133,worker_71,worker_131,worker_122,worker_72,worker_13
274,25 to 45,32,Felony (Serious),0,< week,Male,Non-caucasian,-1,2,1,1,2,2,1,2,1,1,2,2,worker_44,worker_118,worker_133,worker_64,worker_3,worker_76,worker_54,worker_134,worker_36,worker_66,worker_108
275,25 to 45,30,Misdemeanor (Light),1,< week,Male,Non-caucasian,-1,2,1,1,2,3,1,3,3,2,3,1,worker_100,worker_87,worker_120,worker_37,worker_60,worker_21,worker_140,worker_85,worker_44,worker_69,worker_65
276,25 to 45,28,Misdemeanor (Light),0,< week,Male,Non-caucasian,-1,2,2,2,1,1,1,1,1,2,1,2,worker_63,worker_77,worker_81,worker_89,worker_121,worker_133,worker_117,worker_44,worker_43,worker_110,worker_18
277,Less than 25,21,Misdemeanor (Light),1,< 3 months,Male,Non-caucasian,-1,1,3,2,1,1,2,1,3,3,2,3,worker_128,worker_73,worker_137,worker_16,worker_133,worker_5,worker_105,worker_88,worker_116,worker_39,worker_129
278,25 to 45,25,Felony (Serious),4,< week,Male,Caucasian,-1,4,2,4,2,4,1,3,3,3,3,3,worker_63,worker_77,worker_81,worker_89,worker_121,worker_133,worker_117,worker_44,worker_43,worker_110,worker_18
279,25 to 45,35,Felony (Serious),9,< week,Male,Non-caucasian,-1,4,3,4,4,4,4,3,4,3,4,4,worker_32,worker_60,worker_114,worker_104,worker_17,worker_48,worker_31,worker_74,worker_133,worker_14,worker_75
280,25 to 45,32,Misdemeanor (Light),0,< week,Male,Non-caucasian,-1,3,1,3,2,1,1,2,2,2,2,2,worker_111,worker_133,worker_83,worker_50,worker_139,worker_96,worker_41,worker_20,worker_55,worker_8,worker_44
281,Less than 25,23,Misdemeanor (Light),0,< week,Female,Non-caucasian,-1,2,3,1,1,2,2,2,1,1,1,1,worker_99,worker_52,worker_1,worker_49,worker_86,worker_68,worker_141,worker_107,worker_56,worker_133,worker_44
282,Less than 25,23,Felony (Serious),4,< 3 months,Male,Non-caucasian,-1,3,3,3,3,3,3,4,3,4,1,3,worker_99,worker_52,worker_1,worker_49,worker_86,worker_68,worker_141,worker_107,worker_56,worker_133,worker_44
283,25 to 45,37,Misdemeanor (Light),0,< week,Male,Non-caucasian,-1,2,1,1,1,2,1,1,1,1,1,3,worker_44,worker_118,worker_133,worker_64,worker_3,worker_76,worker_54,worker_134,worker_36,worker_66,worker_108
284,Greater than 45,49,Felony (Serious),3,< week,Male,Caucasian,-1,3,1,1,4,1,4,4,3,3,4,2,worker_44,worker_118,worker_133,worker_64,worker_3,worker_76,worker_54,worker_134,worker_36,worker_66,worker_108
285,25 to 45,31,Felony (Serious),2,< week,Male,Non-caucasian,-1,4,2,3,4,3,2,3,4,2,1,2,worker_33,worker_93,worker_11,worker_22,worker_28,worker_90,worker_44,worker_95,worker_34,worker_133,worker_38
286,Greater than 45,59,Misdemeanor (Light),0,< week,Male,Caucasian,-1,1,1,2,2,1,1,2,3,3,1,2,worker_111,worker_133,worker_83,worker_50,worker_139,worker_96,worker_41,worker_20,worker_55,worker_8,worker_44
287,Less than 25,23,Felony (Serious),1,< week,Male,Non-caucasian,-1,2,2,2,2,3,3,4,3,3,3,3,worker_91,worker_19,worker_113,worker_109,worker_106,worker_115,worker_25,worker_126,worker_44,worker_132,worker_45
288,Less than 25,22,Felony (Serious),1,< week,Male,Non-caucasian,-1,4,1,3,3,3,1,3,3,2,1,3,worker_33,worker_93,worker_11,worker_22,worker_28,worker_90,worker_44,worker_95,worker_34,worker_133,worker_38
289,25 to 45,31,Misdemeanor (Light),3,< week,Male,Caucasian,-1,2,3,2,2,2,3,2,2,3,3,2,worker_44,worker_23,worker_2,worker_80,worker_79,worker_94,worker_6,worker_127,worker_98,worker_9,worker_67
290,25 to 45,26,Felony (Serious),0,< week,Male,Caucasian,-1,1,1,1,2,1,1,2,2,1,1,2,worker_27,worker_10,worker_130,worker_78,worker_26,worker_133,worker_71,worker_131,worker_122,worker_72,worker_13
291,Less than 25,24,Misdemeanor (Light),0,< week,Male,Non-caucasian,-1,1,1,1,3,1,1,3,2,1,1,2,worker_27,worker_10,worker_130,worker_78,worker_26,worker_133,worker_71,worker_131,worker_122,worker_72,worker_13
292,25 to 45,27,Felony (Serious),11,< week,Male,Non-caucasian,-1,3,4,4,4,4,3,4,1,3,4,3,worker_128,worker_73,worker_137,worker_16,worker_133,worker_5,worker_105,worker_88,worker_116,worker_39,worker_129
293,25 to 45,30,Felony (Serious),2,< 3 months,Male,Non-caucasian,-1,2,3,3,2,4,2,4,2,3,2,1,worker_46,worker_44,worker_61,worker_62,worker_112,worker_40,worker_51,worker_92,worker_101,worker_7,worker_133
294,25 to 45,29,Felony (Serious),0,< week,Male,Caucasian,-1,3,1,1,1,2,2,2,2,2,2,2,worker_100,worker_87,worker_120,worker_37,worker_60,worker_21,worker_140,worker_85,worker_44,worker_69,worker_65
295,Less than 25,22,Misdemeanor (Light),0,< week,Male,Non-caucasian,-1,2,1,3,2,1,1,1,1,1,1,1,worker_102,worker_135,worker_47,worker_103,worker_57,worker_53,worker_42,worker_133,worker_24,worker_30,worker_124
296,25 to 45,30,Felony (Serious),14,< week,Male,Non-caucasian,-1,4,4,3,4,4,4,4,4,4,4,4,worker_44,worker_23,worker_2,worker_80,worker_79,worker_94,worker_6,worker_127,worker_98,worker_9,worker_67
297,Greater than 45,63,Misdemeanor (Light),0,< week,Female,Caucasian,-1,2,1,1,1,1,2,1,1,3,2,2,worker_44,worker_105,worker_4,worker_80,worker_82,worker_119,worker_133,worker_15,worker_12,worker_70,worker_58
298,Less than 25,21,Felony (Serious),0,< week,Male,Non-caucasian,-1,4,1,3,2,1,2,2,3,2,2,2,worker_111,worker_133,worker_83,worker_50,worker_139,worker_96,worker_41,worker_20,worker_55,worker_8,worker_44
299,Less than 25,23,Felony (Serious),1,< week,Male,Caucasian,-1,2,2,3,2,2,1,1,1,1,1,1,worker_102,worker_135,worker_47,worker_103,worker_57,worker_53,worker_42,worker_133,worker_24,worker_30,worker_124
300,Greater than 45,56,Misdemeanor (Light),0,< week,Male,Caucasian,-1,2,1,1,1,1,1,1,2,1,2,1,worker_46,worker_44,worker_61,worker_62,worker_112,worker_40,worker_51,worker_92,worker_101,worker_7,worker_133
301,Greater than 45,61,Misdemeanor (Light),14,< week,Male,Non-caucasian,-1,3,3,4,4,3,3,4,3,2,2,2,worker_44,worker_105,worker_4,worker_80,worker_82,worker_119,worker_133,worker_15,worker_12,worker_70,worker_58
302,25 to 45,31,Felony (Serious),6,< 3 months,Male,Non-caucasian,-1,3,2,4,4,4,2,3,4,4,3,4,worker_63,worker_77,worker_81,worker_89,worker_121,worker_133,worker_117,worker_44,worker_43,worker_110,worker_18
303,25 to 45,32,Felony (Serious),4,< week,Male,Non-caucasian,-1,3,3,2,4,3,3,4,3,4,1,3,worker_99,worker_52,worker_1,worker_49,worker_86,worker_68,worker_141,worker_107,worker_56,worker_133,worker_44
304,Greater than 45,62,Misdemeanor (Light),0,< week,Male,Non-caucasian,-1,1,4,2,2,2,1,1,1,1,1,1,worker_32,worker_60,worker_114,worker_104,worker_17,worker_48,worker_31,worker_74,worker_133,worker_14,worker_75
305,Less than 25,23,Misdemeanor (Light),0,< week,Male,Caucasian,-1,1,2,1,2,2,1,1,1,1,1,1,worker_32,worker_60,worker_114,worker_104,worker_17,worker_48,worker_31,worker_74,worker_133,worker_14,worker_75
306,25 to 45,29,Felony (Serious),0,< week,Male,Non-caucasian,-1,1,2,3,2,2,3,3,2,2,3,2,worker_133,worker_29,worker_9,worker_35,worker_136,worker_123,worker_59,worker_84,worker_125,worker_97,worker_138
307,Greater than 45,46,Felony (Serious),4,> 3 months,Male,Non-caucasian,-1,4,4,3,4,3,3,2,3,3,4,4,worker_100,worker_87,worker_120,worker_37,worker_60,worker_21,worker_140,worker_85,worker_44,worker_69,worker_65
308,Less than 25,24,Misdemeanor (Light),1,< week,Male,Non-caucasian,-1,3,1,4,4,2,3,2,2,2,2,2,worker_111,worker_133,worker_83,worker_50,worker_139,worker_96,worker_41,worker_20,worker_55,worker_8,worker_44
309,Less than 25,24,Misdemeanor (Light),0,< week,Female,Non-caucasian,-1,4,2,1,1,1,1,2,1,1,2,1,worker_46,worker_44,worker_61,worker_62,worker_112,worker_40,worker_51,worker_92,worker_101,worker_7,worker_133
310,25 to 45,25,Misdemeanor (Light),2,< week,Male,Non-caucasian,-1,3,2,2,2,1,2,4,2,2,2,1,worker_46,worker_44,worker_61,worker_62,worker_112,worker_40,worker_51,worker_92,worker_101,worker_7,worker_133
311,25 to 45,29,Felony (Serious),0,< 3 months,Male,Caucasian,-1,3,1,3,3,1,2,2,2,3,2,2,worker_111,worker_133,worker_83,worker_50,worker_139,worker_96,worker_41,worker_20,worker_55,worker_8,worker_44
312,25 to 45,26,Felony (Serious),0,< week,Female,Caucasian,-1,3,3,1,1,2,2,2,3,1,1,2,worker_99,worker_52,worker_1,worker_49,worker_86,worker_68,worker_141,worker_107,worker_56,worker_133,worker_44
313,Greater than 45,46,Misdemeanor (Light),0,< week,Female,Caucasian,-1,1,2,1,1,3,1,1,1,1,3,2,worker_133,worker_29,worker_9,worker_35,worker_136,worker_123,worker_59,worker_84,worker_125,worker_97,worker_138
314,25 to 45,41,Felony (Serious),0,< week,Male,Caucasian,-1,2,3,1,2,1,2,1,3,2,2,3,worker_128,worker_73,worker_137,worker_16,worker_133,worker_5,worker_105,worker_88,worker_116,worker_39,worker_129
315,Less than 25,22,Misdemeanor (Light),1,< 3 months,Male,Caucasian,-1,2,3,1,1,2,2,2,1,2,1,2,worker_99,worker_52,worker_1,worker_49,worker_86,worker_68,worker_141,worker_107,worker_56,worker_133,worker_44
316,25 to 45,30,Misdemeanor (Light),0,< week,Male,Non-caucasian,-1,2,2,2,1,1,1,1,1,2,1,2,worker_63,worker_77,worker_81,worker_89,worker_121,worker_133,worker_117,worker_44,worker_43,worker_110,worker_18
317,Less than 25,23,Misdemeanor (Light),3,< week,Male,Caucasian,-1,4,2,4,4,3,3,3,3,2,2,2,worker_111,worker_133,worker_83,worker_50,worker_139,worker_96,worker_41,worker_20,worker_55,worker_8,worker_44
318,Greater than 45,47,Misdemeanor (Light),0,< week,Female,Caucasian,-1,1,1,1,1,4,1,1,1,1,1,3,worker_44,worker_118,worker_133,worker_64,worker_3,worker_76,worker_54,worker_134,worker_36,worker_66,worker_108
319,Greater than 45,55,Misdemeanor (Light),2,< 3 months,Male,Caucasian,-1,2,2,1,1,2,4,2,2,3,3,4,worker_44,worker_118,worker_133,worker_64,worker_3,worker_76,worker_54,worker_134,worker_36,worker_66,worker_108
320,Greater than 45,49,Felony (Serious),0,< week,Male,Caucasian,-1,3,2,1,1,1,1,1,2,2,2,1,worker_46,worker_44,worker_61,worker_62,worker_112,worker_40,worker_51,worker_92,worker_101,worker_7,worker_133
321,Greater than 45,49,Misdemeanor (Light),1,< week,Male,Non-caucasian,-1,2,1,1,2,1,1,3,2,2,1,2,worker_27,worker_10,worker_130,worker_78,worker_26,worker_133,worker_71,worker_131,worker_122,worker_72,worker_13
322,25 to 45,42,Felony (Serious),1,< week,Male,Non-caucasian,-1,3,2,2,2,3,2,1,1,1,2,1,worker_102,worker_135,worker_47,worker_103,worker_57,worker_53,worker_42,worker_133,worker_24,worker_30,worker_124
323,Less than 25,24,Misdemeanor (Light),1,< 3 months,Male,Non-caucasian,-1,1,3,2,1,1,3,1,3,2,2,2,worker_128,worker_73,worker_137,worker_16,worker_133,worker_5,worker_105,worker_88,worker_116,worker_39,worker_129
324,Greater than 45,51,Felony (Serious),0,< week,Male,Caucasian,-1,1,2,1,2,2,1,2,2,1,2,1,worker_32,worker_60,worker_114,worker_104,worker_17,worker_48,worker_31,worker_74,worker_133,worker_14,worker_75
325,Greater than 45,56,Felony (Serious),1,< 3 months,Male,Caucasian,-1,2,1,1,4,2,1,3,2,2,2,3,worker_44,worker_118,worker_133,worker_64,worker_3,worker_76,worker_54,worker_134,worker_36,worker_66,worker_108
326,Greater than 45,53,Misdemeanor (Light),8,< week,Male,Caucasian,-1,3,4,4,1,2,2,3,3,2,2,4,worker_44,worker_105,worker_4,worker_80,worker_82,worker_119,worker_133,worker_15,worker_12,worker_70,worker_58
327,25 to 45,41,Misdemeanor (Light),3,< week,Male,Caucasian,-1,2,1,2,2,3,2,3,3,3,3,3,worker_91,worker_19,worker_113,worker_109,worker_106,worker_115,worker_25,worker_126,worker_44,worker_132,worker_45
328,Less than 25,21,Felony (Serious),0,< 3 months,Female,Non-caucasian,-1,2,1,3,2,2,2,1,1,1,1,1,worker_102,worker_135,worker_47,worker_103,worker_57,worker_53,worker_42,worker_133,worker_24,worker_30,worker_124
329,25 to 45,31,Felony (Serious),0,< 3 months,Male,Caucasian,-1,2,3,2,3,2,3,4,2,3,3,2,worker_91,worker_19,worker_113,worker_109,worker_106,worker_115,worker_25,worker_126,worker_44,worker_132,worker_45
330,25 to 45,30,Felony (Serious),8,< week,Male,Non-caucasian,-1,4,4,4,4,3,4,1,2,3,4,4,worker_100,worker_87,worker_120,worker_37,worker_60,worker_21,worker_140,worker_85,worker_44,worker_69,worker_65
331,Less than 25,23,Felony (Serious),0,< week,Male,Non-caucasian,-1,1,2,4,1,3,2,3,2,3,3,2,worker_133,worker_29,worker_9,worker_35,worker_136,worker_123,worker_59,worker_84,worker_125,worker_97,worker_138
332,Greater than 45,52,Felony (Serious),1,< week,Male,Caucasian,-1,3,1,1,4,1,1,2,2,2,3,3,worker_44,worker_118,worker_133,worker_64,worker_3,worker_76,worker_54,worker_134,worker_36,worker_66,worker_108
333,Greater than 45,51,Misdemeanor (Light),3,< week,Female,Non-caucasian,-1,4,2,3,2,3,2,2,3,1,1,3,worker_33,worker_93,worker_11,worker_22,worker_28,worker_90,worker_44,worker_95,worker_34,worker_133,worker_38
334,25 to 45,44,Felony (Serious),0,< week,Female,Non-caucasian,-1,1,4,1,2,3,2,1,3,1,1,1,worker_32,worker_60,worker_114,worker_104,worker_17,worker_48,worker_31,worker_74,worker_133,worker_14,worker_75
335,25 to 45,34,Felony (Serious),0,< week,Female,Caucasian,-1,4,1,4,1,2,1,2,1,1,1,3,worker_33,worker_93,worker_11,worker_22,worker_28,worker_90,worker_44,worker_95,worker_34,worker_133,worker_38
336,Greater than 45,71,Misdemeanor (Light),3,< week,Male,Caucasian,-1,2,3,2,1,3,1,2,2,4,2,3,worker_63,worker_77,worker_81,worker_89,worker_121,worker_133,worker_117,worker_44,worker_43,worker_110,worker_18
337,Greater than 45,45,Misdemeanor (Light),2,< week,Male,Caucasian,-1,3,2,3,2,3,2,2,2,1,1,2,worker_33,worker_93,worker_11,worker_22,worker_28,worker_90,worker_44,worker_95,worker_34,worker_133,worker_38
338,25 to 45,29,Misdemeanor (Light),0,< week,Male,Non-caucasian,-1,1,1,3,2,3,1,2,2,1,1,2,worker_33,worker_93,worker_11,worker_22,worker_28,worker_90,worker_44,worker_95,worker_34,worker_133,worker_38
339,Less than 25,21,Misdemeanor (Light),0,< week,Male,Non-caucasian,-1,3,1,2,2,2,1,2,3,3,1,2,worker_111,worker_133,worker_83,worker_50,worker_139,worker_96,worker_41,worker_20,worker_55,worker_8,worker_44
340,25 to 45,29,Misdemeanor (Light),2,< week,Male,Caucasian,-1,2,2,2,2,2,2,2,2,3,1,2,worker_63,worker_77,worker_81,worker_89,worker_121,worker_133,worker_117,worker_44,worker_43,worker_110,worker_18
341,Greater than 45,54,Misdemeanor (Light),0,< week,Male,Caucasian,-1,1,2,1,2,2,1,1,1,1,1,1,worker_32,worker_60,worker_114,worker_104,worker_17,worker_48,worker_31,worker_74,worker_133,worker_14,worker_75
342,Greater than 45,65,Felony (Serious),1,< week,Female,Caucasian,-1,2,1,2,1,2,1,1,2,3,2,3,worker_44,worker_105,worker_4,worker_80,worker_82,worker_119,worker_133,worker_15,worker_12,worker_70,worker_58
343,25 to 45,31,Felony (Serious),0,< week,Male,Caucasian,-1,2,2,2,3,2,3,3,2,2,4,2,worker_91,worker_19,worker_113,worker_109,worker_106,worker_115,worker_25,worker_126,worker_44,worker_132,worker_45
344,25 to 45,33,Felony (Serious),1,< 3 months,Male,Caucasian,-1,3,2,3,1,2,2,3,2,4,3,2,worker_44,worker_23,worker_2,worker_80,worker_79,worker_94,worker_6,worker_127,worker_98,worker_9,worker_67
345,25 to 45,39,Felony (Serious),1,< week,Male,Caucasian,-1,3,3,2,1,3,1,2,2,2,2,1,worker_46,worker_44,worker_61,worker_62,worker_112,worker_40,worker_51,worker_92,worker_101,worker_7,worker_133
346,25 to 45,42,Felony (Serious),0,< week,Female,Caucasian,-1,2,1,2,1,2,2,1,1,2,2,3,worker_44,worker_105,worker_4,worker_80,worker_82,worker_119,worker_133,worker_15,worker_12,worker_70,worker_58
347,Less than 25,21,Felony (Serious),0,< week,Male,Caucasian,-1,4,1,2,1,2,1,2,2,2,2,2,worker_111,worker_133,worker_83,worker_50,worker_139,worker_96,worker_41,worker_20,worker_55,worker_8,worker_44
348,Greater than 45,67,Misdemeanor (Light),0,< week,Female,Caucasian,-1,1,2,2,1,1,1,1,2,2,1,2,worker_63,worker_77,worker_81,worker_89,worker_121,worker_133,worker_117,worker_44,worker_43,worker_110,worker_18
349,25 to 45,25,Felony (Serious),1,< week,Female,Non-caucasian,-1,3,1,1,3,2,2,2,2,1,2,3,worker_44,worker_118,worker_133,worker_64,worker_3,worker_76,worker_54,worker_134,worker_36,worker_66,worker_108
350,Less than 25,23,Misdemeanor (Light),1,> 3 months,Male,Non-caucasian,-1,2,2,2,2,4,2,2,4,2,3,2,worker_100,worker_87,worker_120,worker_37,worker_60,worker_21,worker_140,worker_85,worker_44,worker_69,worker_65
351,Greater than 45,67,Misdemeanor (Light),0,< week,Male,Caucasian,-1,1,1,1,1,2,1,2,2,2,3,1,worker_100,worker_87,worker_120,worker_37,worker_60,worker_21,worker_140,worker_85,worker_44,worker_69,worker_65
352,25 to 45,27,Felony (Serious),10,< week,Male,Non-caucasian,-1,3,4,4,2,4,3,3,4,4,3,4,worker_91,worker_19,worker_113,worker_109,worker_106,worker_115,worker_25,worker_126,worker_44,worker_132,worker_45
353,25 to 45,26,Misdemeanor (Light),1,< week,Female,Caucasian,-1,2,1,2,1,2,2,1,2,2,2,1,worker_100,worker_87,worker_120,worker_37,worker_60,worker_21,worker_140,worker_85,worker_44,worker_69,worker_65
354,25 to 45,28,Misdemeanor (Light),0,< week,Male,Caucasian,-1,2,1,2,2,1,1,2,2,2,1,1,worker_111,worker_133,worker_83,worker_50,worker_139,worker_96,worker_41,worker_20,worker_55,worker_8,worker_44
355,Greater than 45,51,Misdemeanor (Light),0,< week,Female,Caucasian,-1,1,2,1,1,3,1,1,1,1,2,1,worker_133,worker_29,worker_9,worker_35,worker_136,worker_123,worker_59,worker_84,worker_125,worker_97,worker_138
356,25 to 45,27,Felony (Serious),1,< week,Female,Non-caucasian,-1,3,1,3,2,2,1,1,1,1,1,1,worker_102,worker_135,worker_47,worker_103,worker_57,worker_53,worker_42,worker_133,worker_24,worker_30,worker_124
357,25 to 45,32,Misdemeanor (Light),5,< week,Male,Non-caucasian,-1,3,4,2,4,2,4,4,4,3,4,2,worker_44,worker_118,worker_133,worker_64,worker_3,worker_76,worker_54,worker_134,worker_36,worker_66,worker_108
358,Less than 25,24,Misdemeanor (Light),12,< 3 months,Male,Non-caucasian,-1,4,1,4,4,4,4,3,4,4,4,3,worker_27,worker_10,worker_130,worker_78,worker_26,worker_133,worker_71,worker_131,worker_122,worker_72,worker_13
359,Greater than 45,61,Felony (Serious),11,< week,Male,Non-caucasian,-1,4,1,3,4,3,3,4,3,4,4,2,worker_128,worker_73,worker_137,worker_16,worker_133,worker_5,worker_105,worker_88,worker_116,worker_39,worker_129
360,25 to 45,34,Felony (Serious),11,< week,Male,Caucasian,-1,4,4,4,4,3,3,4,4,3,4,2,worker_44,worker_105,worker_4,worker_80,worker_82,worker_119,worker_133,worker_15,worker_12,worker_70,worker_58
361,Greater than 45,45,Felony (Serious),0,< week,Male,Caucasian,-1,3,1,3,1,1,2,3,1,1,1,1,worker_44,worker_23,worker_2,worker_80,worker_79,worker_94,worker_6,worker_127,worker_98,worker_9,worker_67
362,25 to 45,31,Felony (Serious),6,< week,Male,Caucasian,-1,3,2,4,1,4,1,3,2,3,3,3,worker_63,worker_77,worker_81,worker_89,worker_121,worker_133,worker_117,worker_44,worker_43,worker_110,worker_18
363,Less than 25,22,Misdemeanor (Light),1,< 3 months,Female,Caucasian,-1,2,2,2,1,1,2,1,2,2,2,1,worker_46,worker_44,worker_61,worker_62,worker_112,worker_40,worker_51,worker_92,worker_101,worker_7,worker_133
364,25 to 45,25,Felony (Serious),1,< week,Female,Non-caucasian,-1,3,1,3,2,2,1,1,1,1,1,1,worker_102,worker_135,worker_47,worker_103,worker_57,worker_53,worker_42,worker_133,worker_24,worker_30,worker_124
365,25 to 45,39,Misdemeanor (Light),0,< week,Male,Caucasian,-1,2,1,3,1,1,2,2,1,1,1,2,worker_44,worker_23,worker_2,worker_80,worker_79,worker_94,worker_6,worker_127,worker_98,worker_9,worker_67
366,25 to 45,25,Misdemeanor (Light),0,< week,Male,Caucasian,-1,1,1,1,1,2,1,1,2,2,1,1,worker_100,worker_87,worker_120,worker_37,worker_60,worker_21,worker_140,worker_85,worker_44,worker_69,worker_65
367,Less than 25,23,Felony (Serious),0,< week,Male,Non-caucasian,-1,2,1,2,1,2,2,1,1,4,4,2,worker_44,worker_105,worker_4,worker_80,worker_82,worker_119,worker_133,worker_15,worker_12,worker_70,worker_58
368,Greater than 45,46,Felony (Serious),0,< week,Male,Caucasian,-1,2,3,2,3,2,3,4,2,2,3,2,worker_91,worker_19,worker_113,worker_109,worker_106,worker_115,worker_25,worker_126,worker_44,worker_132,worker_45
369,Greater than 45,54,Felony (Serious),7,< week,Male,Caucasian,-1,4,4,3,3,4,2,4,3,4,3,3,worker_46,worker_44,worker_61,worker_62,worker_112,worker_40,worker_51,worker_92,worker_101,worker_7,worker_133
370,Less than 25,22,Misdemeanor (Light),0,< week,Male,Non-caucasian,-1,1,1,1,1,1,1,2,2,1,1,2,worker_27,worker_10,worker_130,worker_78,worker_26,worker_133,worker_71,worker_131,worker_122,worker_72,worker_13
371,Less than 25,21,Misdemeanor (Light),1,< week,Male,Non-caucasian,-1,2,1,2,2,2,4,3,3,2,3,2,worker_91,worker_19,worker_113,worker_109,worker_106,worker_115,worker_25,worker_126,worker_44,worker_132,worker_45
372,Less than 25,23,Misdemeanor (Light),0,< week,Male,Caucasian,-1,2,1,3,1,1,2,2,1,2,1,1,worker_44,worker_23,worker_2,worker_80,worker_79,worker_94,worker_6,worker_127,worker_98,worker_9,worker_67
373,Greater than 45,64,Misdemeanor (Light),0,< week,Male,Non-caucasian,-1,1,2,2,2,3,1,2,1,1,2,1,worker_133,worker_29,worker_9,worker_35,worker_136,worker_123,worker_59,worker_84,worker_125,worker_97,worker_138
374,Greater than 45,45,Felony (Serious),0,< week,Female,Non-caucasian,-1,1,2,2,1,3,2,2,2,1,3,3,worker_133,worker_29,worker_9,worker_35,worker_136,worker_123,worker_59,worker_84,worker_125,worker_97,worker_138
375,Greater than 45,47,Misdemeanor (Light),4,< week,Female,Non-caucasian,-1,4,4,1,4,2,2,2,3,2,4,4,worker_32,worker_60,worker_114,worker_104,worker_17,worker_48,worker_31,worker_74,worker_133,worker_14,worker_75
376,25 to 45,32,Felony (Serious),9,< 3 months,Male,Non-caucasian,-1,4,3,4,4,4,4,4,4,4,3,4,worker_99,worker_52,worker_1,worker_49,worker_86,worker_68,worker_141,worker_107,worker_56,worker_133,worker_44
377,25 to 45,28,Felony (Serious),1,< week,Female,Non-caucasian,-1,3,3,1,1,3,2,4,2,2,2,1,worker_46,worker_44,worker_61,worker_62,worker_112,worker_40,worker_51,worker_92,worker_101,worker_7,worker_133
378,25 to 45,36,Felony (Serious),0,< 3 months,Male,Caucasian,-1,3,1,3,1,2,2,3,1,3,2,2,worker_44,worker_23,worker_2,worker_80,worker_79,worker_94,worker_6,worker_127,worker_98,worker_9,worker_67
379,Less than 25,24,Felony (Serious),0,< week,Male,Non-caucasian,-1,3,1,3,2,2,1,1,1,1,1,1,worker_102,worker_135,worker_47,worker_103,worker_57,worker_53,worker_42,worker_133,worker_24,worker_30,worker_124
380,25 to 45,43,Felony (Serious),23,> 3 months,Male,Non-caucasian,-1,3,4,4,2,4,3,4,4,4,2,4,worker_91,worker_19,worker_113,worker_109,worker_106,worker_115,worker_25,worker_126,worker_44,worker_132,worker_45
381,25 to 45,26,Felony (Serious),1,< week,Male,Caucasian,-1,2,1,1,3,3,1,3,4,2,2,3,worker_27,worker_10,worker_130,worker_78,worker_26,worker_133,worker_71,worker_131,worker_122,worker_72,worker_13
382,Greater than 45,74,Misdemeanor (Light),0,< week,Male,Caucasian,-1,1,1,1,1,3,1,1,2,2,2,1,worker_100,worker_87,worker_120,worker_37,worker_60,worker_21,worker_140,worker_85,worker_44,worker_69,worker_65
383,25 to 45,33,Misdemeanor (Light),2,< week,Male,Non-caucasian,-1,2,1,1,2,2,1,3,3,2,2,2,worker_27,worker_10,worker_130,worker_78,worker_26,worker_133,worker_71,worker_131,worker_122,worker_72,worker_13
384,Greater than 45,50,Misdemeanor (Light),4,< 3 months,Male,Caucasian,-1,1,2,3,4,3,2,3,2,3,2,3,worker_133,worker_29,worker_9,worker_35,worker_136,worker_123,worker_59,worker_84,worker_125,worker_97,worker_138
385,25 to 45,36,Misdemeanor (Light),1,< week,Female,Non-caucasian,-1,2,2,1,2,2,2,2,2,2,1,2,worker_99,worker_52,worker_1,worker_49,worker_86,worker_68,worker_141,worker_107,worker_56,worker_133,worker_44
386,Greater than 45,63,Felony (Serious),1,< week,Male,Non-caucasian,-1,3,2,1,4,3,2,2,2,1,2,2,worker_44,worker_118,worker_133,worker_64,worker_3,worker_76,worker_54,worker_134,worker_36,worker_66,worker_108
387,Greater than 45,69,Felony (Serious),5,< week,Female,Caucasian,-1,3,3,3,4,3,3,4,4,4,1,4,worker_99,worker_52,worker_1,worker_49,worker_86,worker_68,worker_141,worker_107,worker_56,worker_133,worker_44
388,25 to 45,44,Misdemeanor (Light),1,< week,Male,Caucasian,-1,2,2,1,2,2,1,1,1,1,1,1,worker_32,worker_60,worker_114,worker_104,worker_17,worker_48,worker_31,worker_74,worker_133,worker_14,worker_75
389,25 to 45,29,Felony (Serious),0,< week,Female,Non-caucasian,-1,2,2,2,1,1,2,3,2,2,2,1,worker_46,worker_44,worker_61,worker_62,worker_112,worker_40,worker_51,worker_92,worker_101,worker_7,worker_133
390,Greater than 45,52,Misdemeanor (Light),0,< week,Female,Caucasian,-1,1,1,1,1,1,1,3,1,1,1,3,worker_27,worker_10,worker_130,worker_78,worker_26,worker_133,worker_71,worker_131,worker_122,worker_72,worker_13
391,25 to 45,26,Felony (Serious),0,< week,Male,Caucasian,-1,2,4,2,2,2,3,3,2,3,2,2,worker_91,worker_19,worker_113,worker_109,worker_106,worker_115,worker_25,worker_126,worker_44,worker_132,worker_45
392,Greater than 45,45,Misdemeanor (Light),4,< week,Male,Non-caucasian,-1,2,1,3,4,4,2,3,4,3,2,3,worker_27,worker_10,worker_130,worker_78,worker_26,worker_133,worker_71,worker_131,worker_122,worker_72,worker_13
393,25 to 45,26,Felony (Serious),0,< week,Male,Non-caucasian,-1,2,2,2,2,3,2,3,2,3,3,2,worker_100,worker_87,worker_120,worker_37,worker_60,worker_21,worker_140,worker_85,worker_44,worker_69,worker_65
394,Greater than 45,52,Misdemeanor (Light),1,< week,Male,Caucasian,-1,2,2,2,2,2,1,1,1,1,1,1,worker_32,worker_60,worker_114,worker_104,worker_17,worker_48,worker_31,worker_74,worker_133,worker_14,worker_75
395,Greater than 45,67,Felony (Serious),1,< week,Male,Caucasian,-1,3,1,1,4,2,1,2,2,2,3,3,worker_44,worker_118,worker_133,worker_64,worker_3,worker_76,worker_54,worker_134,worker_36,worker_66,worker_108
396,Greater than 45,47,Felony (Serious),1,< week,Male,Non-caucasian,-1,2,2,2,1,1,2,1,3,2,2,3,worker_128,worker_73,worker_137,worker_16,worker_133,worker_5,worker_105,worker_88,worker_116,worker_39,worker_129
397,Greater than 45,66,Misdemeanor (Light),0,< week,Male,Caucasian,-1,1,2,1,1,2,2,1,1,1,1,1,worker_99,worker_52,worker_1,worker_49,worker_86,worker_68,worker_141,worker_107,worker_56,worker_133,worker_44
398,25 to 45,39,Felony (Serious),0,< week,Male,Caucasian,-1,4,1,4,1,4,1,3,2,1,1,3,worker_33,worker_93,worker_11,worker_22,worker_28,worker_90,worker_44,worker_95,worker_34,worker_133,worker_38
399,Greater than 45,49,Misdemeanor (Light),2,< 3 months,Female,Caucasian,-1,2,1,3,1,2,2,1,1,2,2,3,worker_44,worker_105,worker_4,worker_80,worker_82,worker_119,worker_133,worker_15,worker_12,worker_70,worker_58
400,Greater than 45,45,Misdemeanor (Light),9,< 3 months,Female,Non-caucasian,-1,4,3,4,3,3,4,3,4,2,3,3,worker_33,worker_93,worker_11,worker_22,worker_28,worker_90,worker_44,worker_95,worker_34,worker_133,worker_38
401,25 to 45,34,Felony (Serious),5,< week,Male,Caucasian,-1,3,4,2,4,1,4,3,4,4,4,3,worker_44,worker_118,worker_133,worker_64,worker_3,worker_76,worker_54,worker_134,worker_36,worker_66,worker_108
402,25 to 45,34,Felony (Serious),1,< week,Male,Non-caucasian,-1,2,2,2,1,2,2,4,2,2,2,1,worker_46,worker_44,worker_61,worker_62,worker_112,worker_40,worker_51,worker_92,worker_101,worker_7,worker_133
403,25 to 45,34,Felony (Serious),1,< week,Male,Caucasian,-1,2,2,3,1,2,2,2,2,4,3,2,worker_44,worker_23,worker_2,worker_80,worker_79,worker_94,worker_6,worker_127,worker_98,worker_9,worker_67
404,25 to 45,40,Felony (Serious),0,< week,Male,Caucasian,-1,4,1,3,1,4,1,3,2,1,1,3,worker_33,worker_93,worker_11,worker_22,worker_28,worker_90,worker_44,worker_95,worker_34,worker_133,worker_38
405,Greater than 45,47,Misdemeanor (Light),14,< 3 months,Male,Non-caucasian,-1,4,3,3,2,4,3,4,4,4,2,4,worker_46,worker_44,worker_61,worker_62,worker_112,worker_40,worker_51,worker_92,worker_101,worker_7,worker_133
406,25 to 45,26,Felony (Serious),0,< week,Male,Non-caucasian,-1,2,1,1,2,1,1,2,3,1,2,3,worker_27,worker_10,worker_130,worker_78,worker_26,worker_133,worker_71,worker_131,worker_122,worker_72,worker_13
407,25 to 45,28,Felony (Serious),5,< week,Female,Non-caucasian,-1,4,3,2,4,3,4,3,4,2,4,4,worker_32,worker_60,worker_114,worker_104,worker_17,worker_48,worker_31,worker_74,worker_133,worker_14,worker_75
408,25 to 45,43,Misdemeanor (Light),5,< 3 months,Male,Non-caucasian,-1,4,3,3,4,4,4,3,4,2,2,1,worker_33,worker_93,worker_11,worker_22,worker_28,worker_90,worker_44,worker_95,worker_34,worker_133,worker_38
409,Greater than 45,74,Felony (Serious),2,< 3 months,Male,Caucasian,-1,3,1,2,2,2,1,1,2,2,4,3,worker_44,worker_105,worker_4,worker_80,worker_82,worker_119,worker_133,worker_15,worker_12,worker_70,worker_58
410,25 to 45,43,Misdemeanor (Light),0,< week,Female,Caucasian,-1,1,1,1,1,1,1,2,1,1,1,2,worker_27,worker_10,worker_130,worker_78,worker_26,worker_133,worker_71,worker_131,worker_122,worker_72,worker_13
411,Less than 25,24,Felony (Serious),0,< week,Female,Non-caucasian,-1,4,1,3,2,3,1,2,2,2,1,3,worker_33,worker_93,worker_11,worker_22,worker_28,worker_90,worker_44,worker_95,worker_34,worker_133,worker_38
412,Greater than 45,56,Misdemeanor (Light),0,< week,Male,Non-caucasian,-1,1,3,1,1,2,2,2,1,2,1,2,worker_99,worker_52,worker_1,worker_49,worker_86,worker_68,worker_141,worker_107,worker_56,worker_133,worker_44
413,Less than 25,24,Felony (Serious),1,< week,Female,Caucasian,-1,4,1,2,2,3,2,2,2,2,2,2,worker_111,worker_133,worker_83,worker_50,worker_139,worker_96,worker_41,worker_20,worker_55,worker_8,worker_44
414,Greater than 45,58,Misdemeanor (Light),8,< week,Male,Caucasian,-1,1,3,2,2,3,4,3,3,2,2,3,worker_111,worker_133,worker_83,worker_50,worker_139,worker_96,worker_41,worker_20,worker_55,worker_8,worker_44
415,25 to 45,33,Felony (Serious),3,< week,Male,Non-caucasian,-1,3,3,3,2,2,2,4,3,3,3,1,worker_46,worker_44,worker_61,worker_62,worker_112,worker_40,worker_51,worker_92,worker_101,worker_7,worker_133
416,25 to 45,25,Misdemeanor (Light),5,< 3 months,Male,Caucasian,-1,3,4,4,3,3,2,2,3,3,3,4,worker_133,worker_29,worker_9,worker_35,worker_136,worker_123,worker_59,worker_84,worker_125,worker_97,worker_138
417,25 to 45,30,Felony (Serious),3,< week,Female,Caucasian,-1,1,4,3,3,3,2,3,2,3,2,3,worker_133,worker_29,worker_9,worker_35,worker_136,worker_123,worker_59,worker_84,worker_125,worker_97,worker_138
418,25 to 45,30,Felony (Serious),2,< 3 months,Male,Caucasian,-1,3,3,3,3,3,2,3,2,3,3,3,worker_100,worker_87,worker_120,worker_37,worker_60,worker_21,worker_140,worker_85,worker_44,worker_69,worker_65
419,25 to 45,34,Felony (Serious),4,< week,Male,Caucasian,-1,3,3,4,3,3,4,3,2,4,1,3,worker_99,worker_52,worker_1,worker_49,worker_86,worker_68,worker_141,worker_107,worker_56,worker_133,worker_44
420,Greater than 45,51,Misdemeanor (Light),4,< week,Male,Caucasian,-1,2,2,2,3,3,2,1,3,2,2,1,worker_46,worker_44,worker_61,worker_62,worker_112,worker_40,worker_51,worker_92,worker_101,worker_7,worker_133
421,25 to 45,36,Misdemeanor (Light),0,< week,Male,Non-caucasian,-1,1,2,1,1,3,1,2,2,2,2,1,worker_100,worker_87,worker_120,worker_37,worker_60,worker_21,worker_140,worker_85,worker_44,worker_69,worker_65
422,Less than 25,21,Felony (Serious),1,< 3 months,Male,Non-caucasian,-1,1,2,4,3,2,3,3,1,2,2,3,worker_133,worker_29,worker_9,worker_35,worker_136,worker_123,worker_59,worker_84,worker_125,worker_97,worker_138
423,Greater than 45,59,Misdemeanor (Light),5,> 3 months,Male,Non-caucasian,-1,2,3,4,2,2,2,1,1,2,2,3,worker_44,worker_105,worker_4,worker_80,worker_82,worker_119,worker_133,worker_15,worker_12,worker_70,worker_58
424,25 to 45,37,Felony (Serious),4,< week,Male,Non-caucasian,-1,4,2,3,3,4,3,3,4,3,1,2,worker_33,worker_93,worker_11,worker_22,worker_28,worker_90,worker_44,worker_95,worker_34,worker_133,worker_38
425,25 to 45,41,Misdemeanor (Light),0,< week,Male,Caucasian,-1,1,1,1,1,1,2,1,1,2,2,2,worker_44,worker_105,worker_4,worker_80,worker_82,worker_119,worker_133,worker_15,worker_12,worker_70,worker_58
426,Greater than 45,54,Misdemeanor (Light),1,< week,Female,Caucasian,-1,2,1,3,1,3,1,2,2,1,1,1,worker_33,worker_93,worker_11,worker_22,worker_28,worker_90,worker_44,worker_95,worker_34,worker_133,worker_38
427,25 to 45,30,Misdemeanor (Light),2,< week,Male,Caucasian,-1,3,2,1,3,2,2,1,2,1,3,2,worker_32,worker_60,worker_114,worker_104,worker_17,worker_48,worker_31,worker_74,worker_133,worker_14,worker_75
428,25 to 45,27,Misdemeanor (Light),1,< 3 months,Male,Non-caucasian,-1,2,2,1,1,1,2,2,2,3,3,1,worker_44,worker_23,worker_2,worker_80,worker_79,worker_94,worker_6,worker_127,worker_98,worker_9,worker_67
429,Greater than 45,49,Felony (Serious),3,< week,Female,Caucasian,-1,3,3,2,2,3,3,3,2,2,1,3,worker_99,worker_52,worker_1,worker_49,worker_86,worker_68,worker_141,worker_107,worker_56,worker_133,worker_44
430,Greater than 45,49,Felony (Serious),2,< 3 months,Female,Caucasian,-1,2,3,2,2,4,2,3,3,2,2,1,worker_46,worker_44,worker_61,worker_62,worker_112,worker_40,worker_51,worker_92,worker_101,worker_7,worker_133
431,25 to 45,42,Felony (Serious),5,< 3 months,Male,Caucasian,-1,3,3,4,4,2,3,3,2,3,2,4,worker_133,worker_29,worker_9,worker_35,worker_136,worker_123,worker_59,worker_84,worker_125,worker_97,worker_138
432,25 to 45,36,Felony (Serious),9,< 3 months,Male,Non-caucasian,-1,3,4,3,4,4,4,4,4,4,3,4,worker_102,worker_135,worker_47,worker_103,worker_57,worker_53,worker_42,worker_133,worker_24,worker_30,worker_124
433,25 to 45,36,Misdemeanor (Light),0,< week,Male,Caucasian,-1,2,1,1,2,1,3,3,2,1,3,2,worker_91,worker_19,worker_113,worker_109,worker_106,worker_115,worker_25,worker_126,worker_44,worker_132,worker_45
434,25 to 45,32,Felony (Serious),0,< week,Male,Caucasian,-1,2,3,2,1,2,1,2,2,2,1,2,worker_63,worker_77,worker_81,worker_89,worker_121,worker_133,worker_117,worker_44,worker_43,worker_110,worker_18
435,25 to 45,43,Misdemeanor (Light),0,< week,Male,Non-caucasian,-1,2,4,1,1,2,2,1,1,2,1,1,worker_99,worker_52,worker_1,worker_49,worker_86,worker_68,worker_141,worker_107,worker_56,worker_133,worker_44
436,25 to 45,28,Felony (Serious),1,< week,Male,Non-caucasian,-1,2,1,2,2,2,3,3,3,3,3,3,worker_91,worker_19,worker_113,worker_109,worker_106,worker_115,worker_25,worker_126,worker_44,worker_132,worker_45
437,Less than 25,20,Felony (Serious),0,< week,Male,Non-caucasian,-1,4,1,3,3,1,2,2,3,2,3,2,worker_111,worker_133,worker_83,worker_50,worker_139,worker_96,worker_41,worker_20,worker_55,worker_8,worker_44
438,Less than 25,23,Felony (Serious),0,< week,Male,Non-caucasian,-1,2,3,3,2,2,2,2,3,1,2,1,worker_32,worker_60,worker_114,worker_104,worker_17,worker_48,worker_31,worker_74,worker_133,worker_14,worker_75
439,25 to 45,33,Misdemeanor (Light),3,< week,Female,Non-caucasian,-1,2,1,1,4,3,4,3,3,3,3,3,worker_44,worker_118,worker_133,worker_64,worker_3,worker_76,worker_54,worker_134,worker_36,worker_66,worker_108
